<?xml version="1.0" encoding="UTF-8"?>
<feature
      id="org.eclipse.wb.core.ui.feature"
      label="%featureName"
      version="1.1.0.r37x201109091028"
      provider-name="%providerName"
      plugin="org.eclipse.wb.core.ui"
      image="eclipse_update_120.jpg">

   <description>
      %description
   </description>

   <copyright>
      %copyright
   </copyright>

   <license url="%licenseURL">
      %license
   </license>

   <requires>
      <import feature="org.eclipse.wb.core.feature" version="1.1.0.r37x201109091012" match="greaterOrEqual"/>
   </requires>

   <plugin
         id="org.eclipse.wb.core.ui"
         download-size="0"
         install-size="0"
         version="1.1.0.r37x201109091028"
         unpack="false"/>

   <!-- $if eclipse.version >= 3.6 $ -->
   <plugin
         id="org.eclipse.wb.discovery.core"
         download-size="0"
         install-size="0"
         version="1.1.0.r37x201109091028"
         unpack="false"/>

   <plugin
         id="org.eclipse.wb.discovery.ui"
         download-size="0"
         install-size="0"
         version="1.1.0.r37x201109091028"
         unpack="false"/>
   <!-- $endif $ -->

</feature>
