<?xml version='1.0' encoding='UTF-8'?>
<?artifactRepository version='1.1.0'?>
<repository name='download cache' type='org.eclipse.equinox.p2.artifact.repository.simpleRepository' version='1.0.0'>
  <properties size='2'>
    <property name='p2.system' value='true'/>
    <property name='p2.timestamp' value='1316138514132'/>
  </properties>
  <mappings size='3'>
    <rule filter='(&amp; (classifier=osgi.bundle))' output='${repoUrl}/plugins/${id}_${version}.jar'/>
    <rule filter='(&amp; (classifier=binary))' output='${repoUrl}/binary/${id}_${version}'/>
    <rule filter='(&amp; (classifier=org.eclipse.update.feature))' output='${repoUrl}/features/${id}_${version}.jar'/>
  </mappings>
  <artifacts size='5'>
    <artifact classifier='binary' id='org.eclipse.rcp.configuration_root.win32.win32.x86_64' version='1.0.0.M20110909-1335'>
      <properties size='1'>
        <property name='download.size' value='26599'/>
      </properties>
    </artifact>
    <artifact classifier='binary' id='org.eclipse.jdt_root' version='3.7.1.r371_v20110810-0800-7z8gFcoFMLfTabvKsR5Qm9rBGEBK'>
      <properties size='1'>
        <property name='download.size' value='8902'/>
      </properties>
    </artifact>
    <artifact classifier='binary' id='org.eclipse.cvs_root' version='1.3.100.v20110520-0800-7B78FHk8sF7BB7VAH5AYC5'>
      <properties size='1'>
        <property name='download.size' value='8902'/>
      </properties>
    </artifact>
    <artifact classifier='binary' id='org.eclipse.platform_root' version='3.7.1.r37x_v20110729-9gF7UHOxFtniV7mI3T556iZN9AU8bEZ1lHMcVK'>
      <properties size='1'>
        <property name='download.size' value='38215'/>
      </properties>
    </artifact>
    <artifact classifier='binary' id='org.eclipse.rcp_root' version='3.7.1.r37x_v20110729-9DB5FmNFnFLSFCtLxnRfMqt15A4A'>
      <properties size='1'>
        <property name='download.size' value='38215'/>
      </properties>
    </artifact>
  </artifacts>
</repository>
