<?xml version='1.0' encoding='UTF-8'?>
<?artifactRepository version='1.1.0'?>
<repository name='Bundle pool' type='org.eclipse.equinox.p2.artifact.repository.simpleRepository' version='1'>
  <properties size='2'>
    <property name='p2.system' value='true'/>
    <property name='p2.timestamp' value='1316138541085'/>
  </properties>
  <mappings size='3'>
    <rule filter='(&amp; (classifier=osgi.bundle))' output='${repoUrl}/plugins/${id}_${version}.jar'/>
    <rule filter='(&amp; (classifier=binary))' output='${repoUrl}/binary/${id}_${version}'/>
    <rule filter='(&amp; (classifier=org.eclipse.update.feature))' output='${repoUrl}/features/${id}_${version}.jar'/>
  </mappings>
  <artifacts size='386'>
    <artifact classifier='osgi.bundle' id='org.eclipse.m2e.editor' version='1.0.100.20110804-1717'>
      <properties size='1'>
        <property name='download.size' value='293543'/>
      </properties>
    </artifact>
    <artifact classifier='org.eclipse.update.feature' id='org.eclipse.help' version='1.3.0.v20110327-7i7uFFkFFp7gNobOpNgKo0'>
      <properties size='1'>
        <property name='download.size' value='29725'/>
      </properties>
      <repositoryProperties size='1'>
        <property name='artifact.folder' value='true'/>
      </repositoryProperties>
    </artifact>
    <artifact classifier='osgi.bundle' id='org.eclipse.ecf.provider.filetransfer.ssl' version='1.0.0.v20110531-2218'>
      <properties size='1'>
        <property name='download.size' value='8460'/>
      </properties>
    </artifact>
    <artifact classifier='osgi.bundle' id='org.eclipse.mylyn.wikitext.tracwiki.ui' version='1.5.0.v20110608-1400'>
      <properties size='1'>
        <property name='download.size' value='10522'/>
      </properties>
    </artifact>
    <artifact classifier='osgi.bundle' id='org.eclipse.equinox.http.registry' version='1.1.100.v20110502'>
      <properties size='1'>
        <property name='download.size' value='43999'/>
      </properties>
    </artifact>
    <artifact classifier='osgi.bundle' id='org.eclipse.emf.ecore' version='2.7.0.v20110912-0920'>
      <properties size='1'>
        <property name='download.size' value='1108027'/>
      </properties>
    </artifact>
    <artifact classifier='osgi.bundle' id='org.eclipse.wst.server.core' version='1.1.303.v20110816_1717'>
      <properties size='1'>
        <property name='download.size' value='360503'/>
      </properties>
    </artifact>
    <artifact classifier='osgi.bundle' id='org.eclipse.mylyn.wikitext.textile.core' version='1.5.1.v20110720-0100'>
      <properties size='1'>
        <property name='download.size' value='62792'/>
      </properties>
    </artifact>
    <artifact classifier='osgi.bundle' id='org.apache.commons.lang' version='2.4.0.v201005080502'>
      <properties size='1'>
        <property name='download.size' value='275231'/>
      </properties>
    </artifact>
    <artifact classifier='osgi.bundle' id='org.eclipse.wst.sse.ui' version='1.3.1.v201108191312'>
      <properties size='1'>
        <property name='download.size' value='1009437'/>
      </properties>
    </artifact>
    <artifact classifier='osgi.bundle' id='org.eclipse.equinox.frameworkadmin' version='2.0.0.v20110502-1955'>
      <properties size='1'>
        <property name='download.size' value='34983'/>
      </properties>
    </artifact>
    <artifact classifier='osgi.bundle' id='org.junit' version='3.8.2.v3_8_2_v20100427-1100'>
      <properties size='1'>
        <property name='download.size' value='119475'/>
      </properties>
      <repositoryProperties size='1'>
        <property name='artifact.folder' value='true'/>
      </repositoryProperties>
    </artifact>
    <artifact classifier='osgi.bundle' id='org.eclipse.wb.core.ui' version='1.1.0.r37x201109091028'>
      <properties size='1'>
        <property name='download.size' value='47865'/>
      </properties>
    </artifact>
    <artifact classifier='osgi.bundle' id='org.eclipse.osgi' version='3.7.1.R37x_v20110808-1106'>
      <properties size='1'>
        <property name='download.size' value='1363464'/>
      </properties>
    </artifact>
    <artifact classifier='osgi.bundle' id='org.eclipse.ecf.identity' version='3.1.100.v20110531-2218'>
      <properties size='1'>
        <property name='download.size' value='51439'/>
      </properties>
    </artifact>
    <artifact classifier='osgi.bundle' id='org.eclipse.ui.intro.universal' version='3.2.500.v20110510'>
      <properties size='1'>
        <property name='download.size' value='1634972'/>
      </properties>
      <repositoryProperties size='1'>
        <property name='artifact.folder' value='true'/>
      </repositoryProperties>
    </artifact>
    <artifact classifier='org.eclipse.update.feature' id='org.eclipse.equinox.p2.discovery.feature' version='1.0.101.R37x_v20110909-4-8_9oB5885K5B28WKK'>
      <properties size='1'>
        <property name='download.size' value='16680'/>
      </properties>
      <repositoryProperties size='1'>
        <property name='artifact.folder' value='true'/>
      </repositoryProperties>
    </artifact>
    <artifact classifier='osgi.bundle' id='org.eclipse.jdt.core.manipulation' version='1.4.0.v20110505-0800'>
      <properties size='1'>
        <property name='download.size' value='86522'/>
      </properties>
    </artifact>
    <artifact classifier='osgi.bundle' id='org.eclipse.mylyn.tasks.search' version='3.6.0.v20110608-1400'>
      <properties size='1'>
        <property name='download.size' value='68864'/>
      </properties>
    </artifact>
    <artifact classifier='org.eclipse.update.feature' id='org.eclipse.wst.common_core.feature' version='3.3.1.v201107190400-7B7DFO5F7RZHOeJ-SxQ1NJ'>
      <properties size='1'>
        <property name='download.size' value='29736'/>
      </properties>
      <repositoryProperties size='1'>
        <property name='artifact.folder' value='true'/>
      </repositoryProperties>
    </artifact>
    <artifact classifier='osgi.bundle' id='org.eclipse.ant.ui' version='3.5.100.v20110510'>
      <properties size='1'>
        <property name='download.size' value='959987'/>
      </properties>
    </artifact>
    <artifact classifier='osgi.bundle' id='org.eclipse.emf.common.ui' version='2.7.0.v20110913-1156'>
      <properties size='1'>
        <property name='download.size' value='129049'/>
      </properties>
    </artifact>
    <artifact classifier='osgi.bundle' id='org.mortbay.jetty.util' version='6.1.23.v201012071420'>
      <properties size='1'>
        <property name='download.size' value='193298'/>
      </properties>
    </artifact>
    <artifact classifier='osgi.bundle' id='org.eclipse.mylyn.bugzilla.ui' version='3.6.0.v20110608-1400'>
      <properties size='1'>
        <property name='download.size' value='255873'/>
      </properties>
    </artifact>
    <artifact classifier='osgi.bundle' id='org.eclipse.equinox.jsp.jasper' version='1.0.300.v20110502'>
      <properties size='1'>
        <property name='download.size' value='25532'/>
      </properties>
    </artifact>
    <artifact classifier='org.eclipse.update.feature' id='org.eclipse.wst.xml_userdoc.feature' version='3.3.0.v201102071641-50FYwAkF7B77UBZFDBL'>
      <properties size='1'>
        <property name='download.size' value='29513'/>
      </properties>
      <repositoryProperties size='1'>
        <property name='artifact.folder' value='true'/>
      </repositoryProperties>
    </artifact>
    <artifact classifier='osgi.bundle' id='org.eclipse.ui.console' version='3.5.100.v20110511'>
      <properties size='1'>
        <property name='download.size' value='159972'/>
      </properties>
    </artifact>
    <artifact classifier='osgi.bundle' id='org.eclipse.mylyn.discovery.ui' version='3.6.1.v20110819-0100'>
      <properties size='1'>
        <property name='download.size' value='101898'/>
      </properties>
    </artifact>
    <artifact classifier='osgi.bundle' id='org.eclipse.equinox.common' version='3.6.0.v20110523'>
      <properties size='1'>
        <property name='download.size' value='105624'/>
      </properties>
    </artifact>
    <artifact classifier='osgi.bundle' id='org.apache.xmlrpc' version='3.0.0.v20100427-1100'>
      <properties size='1'>
        <property name='download.size' value='229157'/>
      </properties>
    </artifact>
    <artifact classifier='osgi.bundle' id='org.sat4j.pb' version='2.3.0.v20110329'>
      <properties size='1'>
        <property name='download.size' value='140725'/>
      </properties>
    </artifact>
    <artifact classifier='osgi.bundle' id='ch.qos.logback.core' version='0.9.27.v20110224-1110'>
      <properties size='1'>
        <property name='download.size' value='330045'/>
      </properties>
    </artifact>
    <artifact classifier='osgi.bundle' id='org.eclipse.mylyn.help.ui' version='3.6.1.v20110830-0100'>
      <properties size='1'>
        <property name='download.size' value='1216372'/>
      </properties>
    </artifact>
    <artifact classifier='osgi.bundle' id='org.eclipse.wst.xml.core' version='1.1.601.v201108302147'>
      <properties size='1'>
        <property name='download.size' value='736351'/>
      </properties>
    </artifact>
    <artifact classifier='osgi.bundle' id='org.eclipse.equinox.p2.console' version='1.0.300.v20110502-1955'>
      <properties size='1'>
        <property name='download.size' value='26961'/>
      </properties>
    </artifact>
    <artifact classifier='osgi.bundle' id='org.eclipse.core.net' version='1.2.100.I20110511-0800'>
      <properties size='1'>
        <property name='download.size' value='69180'/>
      </properties>
    </artifact>
    <artifact classifier='osgi.bundle' id='org.mortbay.jetty.server' version='6.1.23.v201012071420'>
      <properties size='1'>
        <property name='download.size' value='557887'/>
      </properties>
    </artifact>
    <artifact classifier='osgi.bundle' id='org.eclipse.equinox.launcher.win32.win32.x86_64' version='1.1.100.v20110502'>
      <properties size='1'>
        <property name='download.size' value='28193'/>
      </properties>
      <repositoryProperties size='1'>
        <property name='artifact.folder' value='true'/>
      </repositoryProperties>
    </artifact>
    <artifact classifier='osgi.bundle' id='org.eclipse.wst.dtd.ui' version='1.0.600.v201103171359'>
      <properties size='1'>
        <property name='download.size' value='236090'/>
      </properties>
    </artifact>
    <artifact classifier='osgi.bundle' id='org.eclipse.ui.views' version='3.6.0.I20110412-0800'>
      <properties size='1'>
        <property name='download.size' value='90136'/>
      </properties>
    </artifact>
    <artifact classifier='osgi.bundle' id='org.eclipse.equinox.ds' version='1.3.1.R37x_v20110701'>
      <properties size='1'>
        <property name='download.size' value='189350'/>
      </properties>
    </artifact>
    <artifact classifier='osgi.bundle' id='org.eclipse.ui' version='3.7.0.I20110602-0100'>
      <properties size='1'>
        <property name='download.size' value='153149'/>
      </properties>
    </artifact>
    <artifact classifier='osgi.bundle' id='org.apache.lucene' version='2.9.1.v201101211721'>
      <properties size='1'>
        <property name='download.size' value='71018'/>
      </properties>
    </artifact>
    <artifact classifier='osgi.bundle' id='org.eclipse.jdt.doc.user' version='3.7.1.r371_v20110804-1125'>
      <properties size='1'>
        <property name='download.size' value='7471651'/>
      </properties>
    </artifact>
    <artifact classifier='osgi.bundle' id='org.eclipse.mylyn.resources.ui' version='3.6.0.v20110608-1400'>
      <properties size='1'>
        <property name='download.size' value='65187'/>
      </properties>
    </artifact>
    <artifact classifier='osgi.bundle' id='org.eclipse.equinox.p2.ql' version='2.0.100.v20110510'>
      <properties size='1'>
        <property name='download.size' value='8032'/>
      </properties>
    </artifact>
    <artifact classifier='osgi.bundle' id='org.eclipse.equinox.p2.metadata.repository' version='1.2.0.v20110511-1359'>
      <properties size='1'>
        <property name='download.size' value='115701'/>
      </properties>
    </artifact>
    <artifact classifier='osgi.bundle' id='org.eclipse.emf.edit.ui' version='2.7.0.v20110913-1156'>
      <properties size='1'>
        <property name='download.size' value='172905'/>
      </properties>
    </artifact>
    <artifact classifier='osgi.bundle' id='org.eclipse.jdt.junit4.runtime' version='1.1.200.v20110505-0800'>
      <properties size='1'>
        <property name='download.size' value='18417'/>
      </properties>
    </artifact>
    <artifact classifier='org.eclipse.update.feature' id='org.eclipse.m2e.logback.feature' version='1.0.100.20110804-1717'>
      <properties size='1'>
        <property name='download.size' value='19381'/>
      </properties>
      <repositoryProperties size='1'>
        <property name='artifact.folder' value='true'/>
      </repositoryProperties>
    </artifact>
    <artifact classifier='osgi.bundle' id='org.eclipse.update.scheduler' version='3.2.300.v20100512'>
      <properties size='1'>
        <property name='download.size' value='31840'/>
      </properties>
    </artifact>
    <artifact classifier='osgi.bundle' id='org.eclipse.mylyn.bugzilla.ide' version='3.6.0.v20110608-1400'>
      <properties size='1'>
        <property name='download.size' value='14407'/>
      </properties>
    </artifact>
    <artifact classifier='osgi.bundle' id='org.eclipse.ui.editors' version='3.7.0.v20110517-0800'>
      <properties size='1'>
        <property name='download.size' value='575706'/>
      </properties>
    </artifact>
    <artifact classifier='osgi.bundle' id='org.eclipse.wb.swing.FormLayout.lib' version='1.1.0.r37x201109091143'>
      <properties size='1'>
        <property name='download.size' value='270891'/>
      </properties>
      <repositoryProperties size='1'>
        <property name='artifact.folder' value='true'/>
      </repositoryProperties>
    </artifact>
    <artifact classifier='osgi.bundle' id='org.eclipse.equinox.p2.extensionlocation' version='1.2.100.v20110510'>
      <properties size='1'>
        <property name='download.size' value='34562'/>
      </properties>
    </artifact>
    <artifact classifier='osgi.bundle' id='org.eclipse.m2e.logback.configuration' version='1.0.100.20110804-1717'>
      <properties size='1'>
        <property name='download.size' value='15304'/>
      </properties>
    </artifact>
    <artifact classifier='osgi.bundle' id='org.eclipse.gef' version='3.7.1.v20110830-1143'>
      <properties size='1'>
        <property name='download.size' value='838599'/>
      </properties>
    </artifact>
    <artifact classifier='osgi.bundle' id='org.eclipse.wb.core.databinding' version='1.1.0.r37x201109091012'>
      <properties size='1'>
        <property name='download.size' value='297998'/>
      </properties>
    </artifact>
    <artifact classifier='osgi.bundle' id='org.eclipse.equinox.p2.ui' version='2.1.0.v20110601'>
      <properties size='1'>
        <property name='download.size' value='514256'/>
      </properties>
    </artifact>
    <artifact classifier='osgi.bundle' id='org.eclipse.mylyn.wikitext.mediawiki.ui' version='1.5.0.v20110608-1400'>
      <properties size='1'>
        <property name='download.size' value='11527'/>
      </properties>
    </artifact>
    <artifact classifier='osgi.bundle' id='org.eclipse.mylyn.ide.ui' version='3.6.0.v20110608-1400'>
      <properties size='1'>
        <property name='download.size' value='36533'/>
      </properties>
    </artifact>
    <artifact classifier='osgi.bundle' id='ch.qos.logback.classic' version='0.9.27.v20110224-1110'>
      <properties size='1'>
        <property name='download.size' value='252287'/>
      </properties>
    </artifact>
    <artifact classifier='osgi.bundle' id='org.eclipse.mylyn.commons.net' version='3.6.0.v20110608-1400'>
      <properties size='1'>
        <property name='download.size' value='71936'/>
      </properties>
    </artifact>
    <artifact classifier='osgi.bundle' id='org.eclipse.wst.common.modulecore.ui' version='1.0.101.v201108231700'>
      <properties size='1'>
        <property name='download.size' value='133932'/>
      </properties>
    </artifact>
    <artifact classifier='osgi.bundle' id='org.eclipse.equinox.p2.transport.ecf' version='1.0.0.v20110510'>
      <properties size='1'>
        <property name='download.size' value='38054'/>
      </properties>
    </artifact>
    <artifact classifier='osgi.bundle' id='javax.activation' version='1.1.0.v201108011116'>
      <properties size='1'>
        <property name='download.size' value='54434'/>
      </properties>
    </artifact>
    <artifact classifier='osgi.bundle' id='ch.qos.logback.slf4j' version='0.9.27.v20110224-1110'>
      <properties size='1'>
        <property name='download.size' value='10236'/>
      </properties>
    </artifact>
    <artifact classifier='osgi.bundle' id='org.eclipse.equinox.p2.publisher' version='1.2.0.v20110511'>
      <properties size='1'>
        <property name='download.size' value='102065'/>
      </properties>
    </artifact>
    <artifact classifier='osgi.bundle' id='org.eclipse.equinox.p2.director.app' version='1.0.300.v20110505'>
      <properties size='1'>
        <property name='download.size' value='47308'/>
      </properties>
    </artifact>
    <artifact classifier='osgi.bundle' id='org.apache.jasper' version='5.5.17.v201101211617'>
      <properties size='1'>
        <property name='download.size' value='1722563'/>
      </properties>
    </artifact>
    <artifact classifier='osgi.bundle' id='org.eclipse.equinox.p2.discovery' version='1.0.100.v20110502-1955'>
      <properties size='1'>
        <property name='download.size' value='35436'/>
      </properties>
    </artifact>
    <artifact classifier='osgi.bundle' id='org.eclipse.wb.swing.MigLayout.lib' version='1.1.0.r37x201109091143'>
      <properties size='1'>
        <property name='download.size' value='276087'/>
      </properties>
    </artifact>
    <artifact classifier='osgi.bundle' id='org.eclipse.text' version='3.5.101.r371_v20110810-0800'>
      <properties size='1'>
        <property name='download.size' value='248178'/>
      </properties>
    </artifact>
    <artifact classifier='osgi.bundle' id='org.eclipse.mylyn.monitor.core' version='3.6.0.v20110608-1400'>
      <properties size='1'>
        <property name='download.size' value='38088'/>
      </properties>
    </artifact>
    <artifact classifier='osgi.bundle' id='org.eclipse.ui.net' version='1.2.100.I20110511-0800'>
      <properties size='1'>
        <property name='download.size' value='47715'/>
      </properties>
    </artifact>
    <artifact classifier='osgi.bundle' id='org.apache.lucene.highlighter' version='2.9.1.v20100421-0704'>
      <properties size='1'>
        <property name='download.size' value='64508'/>
      </properties>
    </artifact>
    <artifact classifier='osgi.bundle' id='org.eclipse.wb.layout.group' version='1.1.0.r37x201109091112'>
      <properties size='1'>
        <property name='download.size' value='441385'/>
      </properties>
    </artifact>
    <artifact classifier='osgi.bundle' id='org.eclipse.equinox.p2.ui.importexport' version='1.0.0.v20110511'>
      <properties size='1'>
        <property name='download.size' value='101163'/>
      </properties>
    </artifact>
    <artifact classifier='osgi.bundle' id='org.eclipse.core.externaltools' version='1.0.100.v20110506'>
      <properties size='1'>
        <property name='download.size' value='39691'/>
      </properties>
    </artifact>
    <artifact classifier='osgi.bundle' id='javax.servlet.jsp' version='2.0.0.v201101211617'>
      <properties size='1'>
        <property name='download.size' value='63887'/>
      </properties>
    </artifact>
    <artifact classifier='osgi.bundle' id='org.eclipse.wst.xsdeditor.doc.user' version='1.0.800.v201005192212'>
      <properties size='1'>
        <property name='download.size' value='120862'/>
      </properties>
    </artifact>
    <artifact classifier='osgi.bundle' id='org.eclipse.core.expressions' version='3.4.300.v20110228'>
      <properties size='1'>
        <property name='download.size' value='86992'/>
      </properties>
    </artifact>
    <artifact classifier='org.eclipse.update.feature' id='org.eclipse.egit' version='1.1.0.201109151100-r'>
      <properties size='1'>
        <property name='download.size' value='18513'/>
      </properties>
      <repositoryProperties size='1'>
        <property name='artifact.folder' value='true'/>
      </repositoryProperties>
    </artifact>
    <artifact classifier='osgi.bundle' id='org.eclipse.wb.swing.MigLayout' version='1.1.0.r37x201109091143'>
      <properties size='1'>
        <property name='download.size' value='284790'/>
      </properties>
    </artifact>
    <artifact classifier='osgi.bundle' id='org.eclipse.jgit' version='1.1.0.201109151100-r'>
      <properties size='1'>
        <property name='download.size' value='1439940'/>
      </properties>
    </artifact>
    <artifact classifier='osgi.bundle' id='org.eclipse.mylyn.tasks.core' version='3.6.0.v20110608-1400'>
      <properties size='1'>
        <property name='download.size' value='407313'/>
      </properties>
    </artifact>
    <artifact classifier='osgi.bundle' id='org.eclipse.wst.validation' version='1.2.302.v201107140600'>
      <properties size='1'>
        <property name='download.size' value='405529'/>
      </properties>
    </artifact>
    <artifact classifier='osgi.bundle' id='org.eclipse.equinox.p2.directorywatcher' version='1.0.300.v20110502-1955'>
      <properties size='1'>
        <property name='download.size' value='32573'/>
      </properties>
    </artifact>
    <artifact classifier='osgi.bundle' id='org.eclipse.wst.common.environment' version='1.0.400.v200912181832'>
      <properties size='1'>
        <property name='download.size' value='44139'/>
      </properties>
    </artifact>
    <artifact classifier='osgi.bundle' id='org.eclipse.core.databinding.property' version='1.4.0.I20110222-0800'>
      <properties size='1'>
        <property name='download.size' value='167964'/>
      </properties>
    </artifact>
    <artifact classifier='org.eclipse.update.feature' id='org.eclipse.wb.swing.feature' version='1.1.0.r37x201109091143'>
      <properties size='1'>
        <property name='download.size' value='30565'/>
      </properties>
      <repositoryProperties size='1'>
        <property name='artifact.folder' value='true'/>
      </repositoryProperties>
    </artifact>
    <artifact classifier='osgi.bundle' id='org.eclipse.core.databinding.observable' version='1.4.0.I20110222-0800'>
      <properties size='1'>
        <property name='download.size' value='296139'/>
      </properties>
    </artifact>
    <artifact classifier='osgi.bundle' id='org.eclipse.ui.ide.application' version='1.0.300.I20110306-2000'>
      <properties size='1'>
        <property name='download.size' value='65150'/>
      </properties>
    </artifact>
    <artifact classifier='osgi.bundle' id='org.eclipse.ecf.provider.filetransfer.httpclient.ssl' version='1.0.0.v20110531-2218'>
      <properties size='1'>
        <property name='download.size' value='16734'/>
      </properties>
    </artifact>
    <artifact classifier='osgi.bundle' id='org.apache.lucene.memory' version='2.9.1.v20100421-0704'>
      <properties size='1'>
        <property name='download.size' value='72720'/>
      </properties>
    </artifact>
    <artifact classifier='org.eclipse.update.feature' id='org.eclipse.wst.xml_ui.feature' version='3.3.1.v201108102009-7H7EFZ3DxumTlaI6nheRdHo2p1KaDIL1Uz-S3PL'>
      <properties size='1'>
        <property name='download.size' value='29812'/>
      </properties>
      <repositoryProperties size='1'>
        <property name='artifact.folder' value='true'/>
      </repositoryProperties>
    </artifact>
    <artifact classifier='osgi.bundle' id='org.eclipse.jdt.compiler.apt' version='1.0.400.v0110816-0800'>
      <properties size='1'>
        <property name='download.size' value='153813'/>
      </properties>
    </artifact>
    <artifact classifier='osgi.bundle' id='org.eclipse.wst.common.infopop' version='1.0.300.v201004280700'>
      <properties size='1'>
        <property name='download.size' value='7764'/>
      </properties>
    </artifact>
    <artifact classifier='osgi.bundle' id='javax.xml.stream' version='1.0.1.v201004272200'>
      <properties size='1'>
        <property name='download.size' value='39699'/>
      </properties>
    </artifact>
    <artifact classifier='osgi.bundle' id='org.eclipse.wst.common.snippets' version='1.2.100.v201103281740'>
      <properties size='1'>
        <property name='download.size' value='271642'/>
      </properties>
    </artifact>
    <artifact classifier='osgi.bundle' id='org.eclipse.mylyn.commons.repositories' version='0.8.0.v20110608-1400'>
      <properties size='1'>
        <property name='download.size' value='26864'/>
      </properties>
    </artifact>
    <artifact classifier='osgi.bundle' id='org.eclipse.equinox.p2.ui.sdk.scheduler' version='1.0.100.v20110502-1955'>
      <properties size='1'>
        <property name='download.size' value='58905'/>
      </properties>
    </artifact>
    <artifact classifier='osgi.bundle' id='org.eclipse.equinox.p2.repository.tools' version='2.0.100.v20110512-1320'>
      <properties size='1'>
        <property name='download.size' value='232671'/>
      </properties>
    </artifact>
    <artifact classifier='osgi.bundle' id='org.eclipse.equinox.p2.operations' version='2.1.0.v20110511-1821'>
      <properties size='1'>
        <property name='download.size' value='55482'/>
      </properties>
    </artifact>
    <artifact classifier='osgi.bundle' id='org.eclipse.equinox.simpleconfigurator' version='1.0.200.v20110502-1955'>
      <properties size='1'>
        <property name='download.size' value='39504'/>
      </properties>
    </artifact>
    <artifact classifier='osgi.bundle' id='org.eclipse.jdt.compiler.tool' version='1.0.100.v_B76_R37x'>
      <properties size='1'>
        <property name='download.size' value='57020'/>
      </properties>
    </artifact>
    <artifact classifier='osgi.bundle' id='org.eclipse.wst.common.frameworks.ui' version='1.2.100.v201105122000'>
      <properties size='1'>
        <property name='download.size' value='147725'/>
      </properties>
    </artifact>
    <artifact classifier='osgi.bundle' id='org.eclipse.equinox.p2.publisher.eclipse' version='1.0.0.v20110511'>
      <properties size='1'>
        <property name='download.size' value='198208'/>
      </properties>
      <repositoryProperties size='1'>
        <property name='artifact.folder' value='true'/>
      </repositoryProperties>
    </artifact>
    <artifact classifier='osgi.bundle' id='org.eclipse.wb.jdt.fragment' version='1.1.0.r37x201109091012'>
      <properties size='1'>
        <property name='download.size' value='8022'/>
      </properties>
    </artifact>
    <artifact classifier='osgi.bundle' id='org.eclipse.mylyn.wikitext.tracwiki.core' version='1.5.0.v20110608-1400'>
      <properties size='1'>
        <property name='download.size' value='61177'/>
      </properties>
    </artifact>
    <artifact classifier='osgi.bundle' id='org.eclipse.mylyn.commons.team' version='0.8.0.v20110608-1400'>
      <properties size='1'>
        <property name='download.size' value='63502'/>
      </properties>
    </artifact>
    <artifact classifier='osgi.bundle' id='org.eclipse.equinox.util' version='1.0.300.v20110502'>
      <properties size='1'>
        <property name='download.size' value='76820'/>
      </properties>
    </artifact>
    <artifact classifier='osgi.bundle' id='org.eclipse.wst.common.frameworks' version='1.2.101.v201107192200'>
      <properties size='1'>
        <property name='download.size' value='114356'/>
      </properties>
    </artifact>
    <artifact classifier='osgi.bundle' id='org.eclipse.equinox.p2.repository' version='2.1.0.v20110601'>
      <properties size='1'>
        <property name='download.size' value='127836'/>
      </properties>
    </artifact>
    <artifact classifier='osgi.bundle' id='org.eclipse.m2e.archetype.common' version='1.0.100.20110804-1717'>
      <properties size='1'>
        <property name='download.size' value='1999974'/>
      </properties>
      <repositoryProperties size='1'>
        <property name='artifact.folder' value='true'/>
      </repositoryProperties>
    </artifact>
    <artifact classifier='osgi.bundle' id='org.eclipse.wb.discovery.core' version='1.1.0.r37x201109091028'>
      <properties size='1'>
        <property name='download.size' value='44069'/>
      </properties>
    </artifact>
    <artifact classifier='osgi.bundle' id='org.eclipse.m2e.maven.indexer' version='1.0.100.20110804-1717'>
      <properties size='1'>
        <property name='download.size' value='1114814'/>
      </properties>
      <repositoryProperties size='1'>
        <property name='artifact.folder' value='true'/>
      </repositoryProperties>
    </artifact>
    <artifact classifier='osgi.bundle' id='org.eclipse.equinox.p2.garbagecollector' version='1.0.200.v20110510'>
      <properties size='1'>
        <property name='download.size' value='24986'/>
      </properties>
    </artifact>
    <artifact classifier='osgi.bundle' id='org.eclipse.debug.ui' version='3.7.101.v20110817_r371'>
      <properties size='1'>
        <property name='download.size' value='2578182'/>
      </properties>
    </artifact>
    <artifact classifier='osgi.bundle' id='org.eclipse.emf.ecore.xmi' version='2.7.0.v20110520-1406'>
      <properties size='1'>
        <property name='download.size' value='221209'/>
      </properties>
    </artifact>
    <artifact classifier='osgi.bundle' id='org.eclipse.core.resources' version='3.7.100.v20110510-0712'>
      <properties size='1'>
        <property name='download.size' value='810220'/>
      </properties>
    </artifact>
    <artifact classifier='osgi.bundle' id='org.eclipse.egit.ui' version='1.1.0.201109151100-r'>
      <properties size='1'>
        <property name='download.size' value='1972864'/>
      </properties>
    </artifact>
    <artifact classifier='osgi.bundle' id='org.eclipse.ant.launching' version='1.0.100.v20110506'>
      <properties size='1'>
        <property name='download.size' value='150254'/>
      </properties>
    </artifact>
    <artifact classifier='osgi.bundle' id='org.eclipse.jdt' version='3.7.1.v201109091335'>
      <properties size='1'>
        <property name='download.size' value='43635'/>
      </properties>
    </artifact>
    <artifact classifier='osgi.bundle' id='org.eclipse.jdt.junit.runtime' version='3.4.300.v20110505-0800'>
      <properties size='1'>
        <property name='download.size' value='52240'/>
      </properties>
    </artifact>
    <artifact classifier='osgi.bundle' id='org.eclipse.jdt.debug.ui' version='3.6.1.v20110803_r371'>
      <properties size='1'>
        <property name='download.size' value='1359204'/>
      </properties>
    </artifact>
    <artifact classifier='osgi.bundle' id='org.apache.commons.el' version='1.0.0.v201101211617'>
      <properties size='1'>
        <property name='download.size' value='128684'/>
      </properties>
    </artifact>
    <artifact classifier='osgi.bundle' id='org.eclipse.mylyn.bugzilla.core' version='3.6.2.v20110903-0100'>
      <properties size='1'>
        <property name='download.size' value='247254'/>
      </properties>
    </artifact>
    <artifact classifier='osgi.bundle' id='org.eclipse.jdt.apt.core' version='3.3.500.v20110420-1015'>
      <properties size='1'>
        <property name='download.size' value='364145'/>
      </properties>
    </artifact>
    <artifact classifier='osgi.bundle' id='org.eclipse.wst.xml.ui' version='1.1.201.v201108151912'>
      <properties size='1'>
        <property name='download.size' value='967602'/>
      </properties>
    </artifact>
    <artifact classifier='osgi.bundle' id='org.eclipse.mylyn.team.cvs' version='3.6.0.v20110608-1400'>
      <properties size='1'>
        <property name='download.size' value='21056'/>
      </properties>
    </artifact>
    <artifact classifier='osgi.bundle' id='org.eclipse.equinox.launcher' version='1.2.0.v20110502'>
      <properties size='1'>
        <property name='download.size' value='47262'/>
      </properties>
    </artifact>
    <artifact classifier='osgi.bundle' id='org.eclipse.jdt.core' version='3.7.1.v_B76_R37x'>
      <properties size='1'>
        <property name='download.size' value='4605370'/>
      </properties>
    </artifact>
    <artifact classifier='osgi.bundle' id='org.eclipse.wb.discovery.ui' version='1.1.0.r37x201109091028'>
      <properties size='1'>
        <property name='download.size' value='61442'/>
      </properties>
    </artifact>
    <artifact classifier='osgi.bundle' id='org.eclipse.ui.views.properties.tabbed' version='3.5.200.I20110201-0800'>
      <properties size='1'>
        <property name='download.size' value='104169'/>
      </properties>
    </artifact>
    <artifact classifier='osgi.bundle' id='org.eclipse.equinox.p2.artifact.repository' version='1.1.101.R37x_v20110714'>
      <properties size='1'>
        <property name='download.size' value='133697'/>
      </properties>
    </artifact>
    <artifact classifier='osgi.bundle' id='org.eclipse.platform.doc.user' version='3.7.0.v20110601-0800'>
      <properties size='1'>
        <property name='download.size' value='7137582'/>
      </properties>
    </artifact>
    <artifact classifier='osgi.bundle' id='org.eclipse.wst.xsd.core' version='1.1.600.v201104070312'>
      <properties size='1'>
        <property name='download.size' value='70889'/>
      </properties>
    </artifact>
    <artifact classifier='osgi.bundle' id='org.eclipse.osgi.services' version='3.3.0.v20110513'>
      <properties size='1'>
        <property name='download.size' value='71157'/>
      </properties>
    </artifact>
    <artifact classifier='osgi.bundle' id='org.eclipse.compare.core' version='3.5.200.I20110208-0800'>
      <properties size='1'>
        <property name='download.size' value='61780'/>
      </properties>
    </artifact>
    <artifact classifier='osgi.bundle' id='org.apache.lucene.snowball' version='2.9.1.v20100421-0704'>
      <properties size='1'>
        <property name='download.size' value='131185'/>
      </properties>
    </artifact>
    <artifact classifier='org.eclipse.update.feature' id='org.eclipse.mylyn.java_feature' version='3.6.2.v20110908-0706'>
      <properties size='1'>
        <property name='download.size' value='19233'/>
      </properties>
      <repositoryProperties size='1'>
        <property name='artifact.folder' value='true'/>
      </repositoryProperties>
    </artifact>
    <artifact classifier='osgi.bundle' id='org.eclipse.ltk.core.refactoring' version='3.5.201.r371_v20110824-0800'>
      <properties size='1'>
        <property name='download.size' value='322541'/>
      </properties>
    </artifact>
    <artifact classifier='osgi.bundle' id='org.eclipse.draw2d' version='3.7.1.v20110830-1143'>
      <properties size='1'>
        <property name='download.size' value='561253'/>
      </properties>
    </artifact>
    <artifact classifier='osgi.bundle' id='org.eclipse.wst.validation.infopop' version='1.0.300.v200806041506'>
      <properties size='1'>
        <property name='download.size' value='9336'/>
      </properties>
    </artifact>
    <artifact classifier='osgi.bundle' id='org.eclipse.jface.text' version='3.7.1.r371_v20110825-0800'>
      <properties size='1'>
        <property name='download.size' value='981544'/>
      </properties>
    </artifact>
    <artifact classifier='osgi.bundle' id='org.eclipse.equinox.security' version='1.1.1.R37x_v20110822-1018'>
      <properties size='1'>
        <property name='download.size' value='106105'/>
      </properties>
    </artifact>
    <artifact classifier='osgi.bundle' id='org.eclipse.mylyn.monitor.ui' version='3.6.0.v20110608-1400'>
      <properties size='1'>
        <property name='download.size' value='51052'/>
      </properties>
    </artifact>
    <artifact classifier='osgi.bundle' id='org.eclipse.core.filesystem.win32.x86_64' version='1.1.300.v20110423-0524'>
      <properties size='1'>
        <property name='download.size' value='28376'/>
      </properties>
    </artifact>
    <artifact classifier='org.eclipse.update.feature' id='org.eclipse.wst.xml_core.feature' version='3.3.1.v201108102009-7C7OFeKF7RZHQNI3R-OuRb'>
      <properties size='1'>
        <property name='download.size' value='29646'/>
      </properties>
      <repositoryProperties size='1'>
        <property name='artifact.folder' value='true'/>
      </repositoryProperties>
    </artifact>
    <artifact classifier='osgi.bundle' id='org.apache.ws.commons.util' version='1.0.1.v20100518-1140'>
      <properties size='1'>
        <property name='download.size' value='43670'/>
      </properties>
    </artifact>
    <artifact classifier='osgi.bundle' id='org.eclipse.m2e.model.edit' version='1.0.100.20110804-1717'>
      <properties size='1'>
        <property name='download.size' value='393898'/>
      </properties>
    </artifact>
    <artifact classifier='osgi.bundle' id='org.eclipse.m2e.scm' version='1.0.100.20110804-1717'>
      <properties size='1'>
        <property name='download.size' value='69583'/>
      </properties>
    </artifact>
    <artifact classifier='osgi.bundle' id='org.eclipse.core.filesystem' version='1.3.100.v20110423-0524'>
      <properties size='1'>
        <property name='download.size' value='53218'/>
      </properties>
    </artifact>
    <artifact classifier='osgi.bundle' id='org.sat4j.core' version='2.3.0.v20110329'>
      <properties size='1'>
        <property name='download.size' value='210700'/>
      </properties>
    </artifact>
    <artifact classifier='osgi.bundle' id='com.ning.async-http-client' version='1.6.3.201108040830'>
      <properties size='1'>
        <property name='download.size' value='316083'/>
      </properties>
    </artifact>
    <artifact classifier='osgi.bundle' id='org.eclipse.mylyn.commons.xmlrpc' version='3.6.0.v20110608-1400'>
      <properties size='1'>
        <property name='download.size' value='36614'/>
      </properties>
    </artifact>
    <artifact classifier='osgi.bundle' id='org.eclipse.mylyn.wikitext.ui' version='1.5.0.v20110608-1400'>
      <properties size='1'>
        <property name='download.size' value='405402'/>
      </properties>
    </artifact>
    <artifact classifier='osgi.bundle' id='org.eclipse.core.databinding.beans' version='1.2.100.I20100824-0800'>
      <properties size='1'>
        <property name='download.size' value='75419'/>
      </properties>
    </artifact>
    <artifact classifier='osgi.bundle' id='org.eclipse.equinox.http.servlet' version='1.1.200.v20110502'>
      <properties size='1'>
        <property name='download.size' value='42552'/>
      </properties>
    </artifact>
    <artifact classifier='osgi.bundle' id='org.eclipse.wst.common.emf' version='1.2.100.v201101101900'>
      <properties size='1'>
        <property name='download.size' value='213584'/>
      </properties>
    </artifact>
    <artifact classifier='osgi.bundle' id='org.apache.xml.resolver' version='1.2.0.v201005080400'>
      <properties size='1'>
        <property name='download.size' value='96354'/>
      </properties>
    </artifact>
    <artifact classifier='osgi.bundle' id='org.eclipse.equinox.p2.metadata' version='2.1.0.v20110510'>
      <properties size='1'>
        <property name='download.size' value='339085'/>
      </properties>
    </artifact>
    <artifact classifier='osgi.bundle' id='org.eclipse.wst.xmleditor.doc.user' version='1.0.700.v201005192212'>
      <properties size='1'>
        <property name='download.size' value='129724'/>
      </properties>
    </artifact>
    <artifact classifier='org.eclipse.update.feature' id='org.eclipse.mylyn.wikitext_feature' version='1.5.2.v20110908-0706'>
      <properties size='1'>
        <property name='download.size' value='19347'/>
      </properties>
      <repositoryProperties size='1'>
        <property name='artifact.folder' value='true'/>
      </repositoryProperties>
    </artifact>
    <artifact classifier='osgi.bundle' id='org.eclipse.rcp' version='3.7.0.v201109091335'>
      <properties size='1'>
        <property name='download.size' value='14137'/>
      </properties>
    </artifact>
    <artifact classifier='osgi.bundle' id='org.eclipse.update.core' version='3.2.500.v20110330'>
      <properties size='1'>
        <property name='download.size' value='595825'/>
      </properties>
    </artifact>
    <artifact classifier='org.eclipse.update.feature' id='org.eclipse.wb.core.ui.feature' version='1.1.0.r37x201109091028'>
      <properties size='1'>
        <property name='download.size' value='30554'/>
      </properties>
      <repositoryProperties size='1'>
        <property name='artifact.folder' value='true'/>
      </repositoryProperties>
    </artifact>
    <artifact classifier='osgi.bundle' id='org.eclipse.wst.standard.schemas' version='1.0.401.v201108151912'>
      <properties size='1'>
        <property name='download.size' value='158603'/>
      </properties>
    </artifact>
    <artifact classifier='osgi.bundle' id='org.eclipse.mylyn.java.ui' version='3.6.0.v20110608-1400'>
      <properties size='1'>
        <property name='download.size' value='166649'/>
      </properties>
    </artifact>
    <artifact classifier='osgi.bundle' id='org.eclipse.jsch.ui' version='1.1.300.I20110511-0800'>
      <properties size='1'>
        <property name='download.size' value='88871'/>
      </properties>
    </artifact>
    <artifact classifier='osgi.bundle' id='org.eclipse.m2e.refactoring' version='1.0.100.20110804-1717'>
      <properties size='1'>
        <property name='download.size' value='72167'/>
      </properties>
    </artifact>
    <artifact classifier='osgi.bundle' id='org.eclipse.ecf.ssl' version='1.0.100.v20110531-2218'>
      <properties size='1'>
        <property name='download.size' value='11558'/>
      </properties>
    </artifact>
    <artifact classifier='osgi.bundle' id='org.eclipse.core.commands' version='3.6.0.I20110111-0800'>
      <properties size='1'>
        <property name='download.size' value='107303'/>
      </properties>
    </artifact>
    <artifact classifier='osgi.bundle' id='org.eclipse.core.contenttype' version='3.4.100.v20110423-0524'>
      <properties size='1'>
        <property name='download.size' value='91961'/>
      </properties>
    </artifact>
    <artifact classifier='osgi.bundle' id='org.eclipse.ui.navigator.resources' version='3.4.300.I20110421-1800'>
      <properties size='1'>
        <property name='download.size' value='119075'/>
      </properties>
    </artifact>
    <artifact classifier='osgi.bundle' id='org.junit' version='4.8.2.v4_8_2_v20110321-1705'>
      <properties size='1'>
        <property name='download.size' value='202592'/>
      </properties>
      <repositoryProperties size='1'>
        <property name='artifact.folder' value='true'/>
      </repositoryProperties>
    </artifact>
    <artifact classifier='osgi.bundle' id='org.eclipse.wst.common.modulecore' version='1.2.101.v201108231700'>
      <properties size='1'>
        <property name='download.size' value='379660'/>
      </properties>
    </artifact>
    <artifact classifier='org.eclipse.update.feature' id='org.eclipse.epp.package.common.feature' version='1.4.1.20110816-1927'>
      <properties size='1'>
        <property name='download.size' value='16626'/>
      </properties>
      <repositoryProperties size='1'>
        <property name='artifact.folder' value='true'/>
      </repositoryProperties>
    </artifact>
    <artifact classifier='osgi.bundle' id='org.eclipse.ui.browser' version='3.3.100.v20110426'>
      <properties size='1'>
        <property name='download.size' value='188575'/>
      </properties>
    </artifact>
    <artifact classifier='osgi.bundle' id='org.eclipse.core.boot' version='3.1.200.v20100505'>
      <properties size='1'>
        <property name='download.size' value='6261'/>
      </properties>
    </artifact>
    <artifact classifier='org.eclipse.update.feature' id='org.eclipse.jgit' version='1.1.0.201109151100-r'>
      <properties size='1'>
        <property name='download.size' value='15687'/>
      </properties>
      <repositoryProperties size='1'>
        <property name='artifact.folder' value='true'/>
      </repositoryProperties>
    </artifact>
    <artifact classifier='osgi.bundle' id='org.eclipse.help.appserver' version='3.1.400.v20110425'>
      <properties size='1'>
        <property name='download.size' value='18311'/>
      </properties>
    </artifact>
    <artifact classifier='org.eclipse.update.feature' id='org.eclipse.equinox.p2.extras.feature' version='1.0.1.R37x_v20110906-7A4FD4DiVOManqZttPtXz0lWlFbU'>
      <properties size='1'>
        <property name='download.size' value='29717'/>
      </properties>
      <repositoryProperties size='1'>
        <property name='artifact.folder' value='true'/>
      </repositoryProperties>
    </artifact>
    <artifact classifier='osgi.bundle' id='org.eclipse.epp.mpc.ui' version='1.1.1.I20110907-0947'>
      <properties size='1'>
        <property name='download.size' value='255588'/>
      </properties>
    </artifact>
    <artifact classifier='osgi.bundle' id='org.eclipse.mylyn.tasks.bugs' version='3.6.1.v20110825-0100'>
      <properties size='1'>
        <property name='download.size' value='90645'/>
      </properties>
    </artifact>
    <artifact classifier='org.eclipse.update.feature' id='org.eclipse.equinox.p2.rcp.feature' version='1.0.1.R37x_v20110906-782EpBqNKGUkZQpuT8hAlWlFbUeo'>
      <properties size='1'>
        <property name='download.size' value='29638'/>
      </properties>
      <repositoryProperties size='1'>
        <property name='artifact.folder' value='true'/>
      </repositoryProperties>
    </artifact>
    <artifact classifier='osgi.bundle' id='org.eclipse.wb.swing.jsr296' version='1.1.0.r37x201109091143'>
      <properties size='1'>
        <property name='download.size' value='26574'/>
      </properties>
    </artifact>
    <artifact classifier='osgi.bundle' id='org.eclipse.ui.win32' version='3.2.200.I20100509-0800'>
      <properties size='1'>
        <property name='download.size' value='24639'/>
      </properties>
    </artifact>
    <artifact classifier='osgi.bundle' id='org.eclipse.jdt.junit.core' version='3.7.0.v20110518-0800'>
      <properties size='1'>
        <property name='download.size' value='145065'/>
      </properties>
    </artifact>
    <artifact classifier='osgi.bundle' id='org.eclipse.core.runtime.compatibility.registry' version='3.5.0.v20110505'>
      <properties size='1'>
        <property name='download.size' value='16898'/>
      </properties>
      <repositoryProperties size='1'>
        <property name='artifact.folder' value='true'/>
      </repositoryProperties>
    </artifact>
    <artifact classifier='osgi.bundle' id='org.eclipse.jdt.apt.pluggable.core' version='1.0.400.v20110305-1450'>
      <properties size='1'>
        <property name='download.size' value='32474'/>
      </properties>
    </artifact>
    <artifact classifier='osgi.bundle' id='org.eclipse.m2e.core' version='1.0.100.20110804-1717'>
      <properties size='1'>
        <property name='download.size' value='449593'/>
      </properties>
    </artifact>
    <artifact classifier='osgi.bundle' id='org.hamcrest.core' version='1.1.0.v20090501071000'>
      <properties size='1'>
        <property name='download.size' value='27827'/>
      </properties>
    </artifact>
    <artifact classifier='osgi.bundle' id='org.eclipse.m2e.core.ui' version='1.0.100.20110804-1717'>
      <properties size='1'>
        <property name='download.size' value='652347'/>
      </properties>
    </artifact>
    <artifact classifier='osgi.bundle' id='org.eclipse.m2e.usagedata' version='1.0.100.20110804-1717'>
      <properties size='1'>
        <property name='download.size' value='12970'/>
      </properties>
    </artifact>
    <artifact classifier='org.eclipse.update.feature' id='org.eclipse.mylyn.team_feature' version='3.6.2.v20110908-0706'>
      <properties size='1'>
        <property name='download.size' value='19123'/>
      </properties>
      <repositoryProperties size='1'>
        <property name='artifact.folder' value='true'/>
      </repositoryProperties>
    </artifact>
    <artifact classifier='osgi.bundle' id='org.jdom' version='1.1.1.v201101151400'>
      <properties size='1'>
        <property name='download.size' value='177091'/>
      </properties>
    </artifact>
    <artifact classifier='osgi.bundle' id='org.eclipse.ui.forms' version='3.5.100.v20110425'>
      <properties size='1'>
        <property name='download.size' value='300863'/>
      </properties>
    </artifact>
    <artifact classifier='osgi.bundle' id='org.eclipse.wst.sse.ui.infopop' version='1.0.300.v201004150328'>
      <properties size='1'>
        <property name='download.size' value='9051'/>
      </properties>
    </artifact>
    <artifact classifier='osgi.bundle' id='org.eclipse.emf.common' version='2.7.0.v20110912-0920'>
      <properties size='1'>
        <property name='download.size' value='213372'/>
      </properties>
    </artifact>
    <artifact classifier='osgi.bundle' id='org.eclipse.egit.core' version='1.1.0.201109151100-r'>
      <properties size='1'>
        <property name='download.size' value='224236'/>
      </properties>
    </artifact>
    <artifact classifier='osgi.bundle' id='org.apache.commons.httpclient' version='3.1.0.v201012070820'>
      <properties size='1'>
        <property name='download.size' value='321633'/>
      </properties>
    </artifact>
    <artifact classifier='osgi.bundle' id='org.slf4j.api' version='1.6.1.v20100831-0715'>
      <properties size='1'>
        <property name='download.size' value='33745'/>
      </properties>
    </artifact>
    <artifact classifier='osgi.bundle' id='org.eclipse.egit.mylyn.ui' version='1.1.0.201109151100-r'>
      <properties size='1'>
        <property name='download.size' value='20247'/>
      </properties>
    </artifact>
    <artifact classifier='osgi.bundle' id='org.eclipse.wst.common.emfworkbench.integration' version='1.2.101.v201107140600'>
      <properties size='1'>
        <property name='download.size' value='140292'/>
      </properties>
    </artifact>
    <artifact classifier='osgi.bundle' id='org.apache.lucene.queries' version='2.9.1.v20100421-0704'>
      <properties size='1'>
        <property name='download.size' value='51538'/>
      </properties>
    </artifact>
    <artifact classifier='osgi.bundle' id='org.eclipse.ecf.provider.filetransfer.httpclient' version='4.0.0.v20110531-2218'>
      <properties size='1'>
        <property name='download.size' value='68427'/>
      </properties>
    </artifact>
    <artifact classifier='osgi.bundle' id='org.eclipse.net4j.jms.api' version='3.0.1.v20110818-0811'>
      <properties size='1'>
        <property name='download.size' value='45880'/>
      </properties>
      <repositoryProperties size='1'>
        <property name='artifact.folder' value='true'/>
      </repositoryProperties>
    </artifact>
    <artifact classifier='osgi.bundle' id='org.eclipse.wb.os' version='1.1.0.r37x201109091012'>
      <properties size='1'>
        <property name='download.size' value='11111'/>
      </properties>
    </artifact>
    <artifact classifier='osgi.bundle' id='org.eclipse.core.variables' version='3.2.500.v20110511'>
      <properties size='1'>
        <property name='download.size' value='33030'/>
      </properties>
    </artifact>
    <artifact classifier='osgi.bundle' id='org.eclipse.equinox.p2.ui.discovery' version='1.0.0.v20110502-1955'>
      <properties size='1'>
        <property name='download.size' value='149739'/>
      </properties>
    </artifact>
    <artifact classifier='osgi.bundle' id='org.eclipse.equinox.frameworkadmin.equinox' version='1.0.300.v20110506'>
      <properties size='1'>
        <property name='download.size' value='61087'/>
      </properties>
    </artifact>
    <artifact classifier='osgi.bundle' id='org.eclipse.epp.usagedata.gathering' version='1.3.1.R201106061540'>
      <properties size='1'>
        <property name='download.size' value='39084'/>
      </properties>
    </artifact>
    <artifact classifier='osgi.bundle' id='org.eclipse.jdt.launching' version='3.6.1.v20110803_r371'>
      <properties size='1'>
        <property name='download.size' value='305902'/>
      </properties>
    </artifact>
    <artifact classifier='osgi.bundle' id='org.eclipse.m2e.logback.appender' version='1.0.100.20110804-1717'>
      <properties size='1'>
        <property name='download.size' value='13019'/>
      </properties>
    </artifact>
    <artifact classifier='org.eclipse.update.feature' id='org.eclipse.epp.mpc' version='1.1.1.I20110907-0947'>
      <properties size='1'>
        <property name='download.size' value='19901'/>
      </properties>
      <repositoryProperties size='1'>
        <property name='artifact.folder' value='true'/>
      </repositoryProperties>
    </artifact>
    <artifact classifier='org.eclipse.update.feature' id='org.eclipse.jdt' version='3.7.1.r371_v20110810-0800-7z8gFcoFMLfTabvKsR5Qm9rBGEBK'>
      <properties size='1'>
        <property name='download.size' value='29982'/>
      </properties>
      <repositoryProperties size='1'>
        <property name='artifact.folder' value='true'/>
      </repositoryProperties>
    </artifact>
    <artifact classifier='osgi.bundle' id='org.eclipse.swt' version='3.7.1.v3738a'>
      <properties size='1'>
        <property name='download.size' value='17329'/>
      </properties>
    </artifact>
    <artifact classifier='osgi.bundle' id='org.eclipse.wst.common.project.facet.core' version='1.4.200.v201103170332'>
      <properties size='1'>
        <property name='download.size' value='360144'/>
      </properties>
    </artifact>
    <artifact classifier='osgi.bundle' id='org.eclipse.wst.sse.core' version='1.1.601.v201108151912'>
      <properties size='1'>
        <property name='download.size' value='438940'/>
      </properties>
    </artifact>
    <artifact classifier='osgi.bundle' id='org.eclipse.mylyn.wikitext.tasks.ui' version='1.5.0.v20110608-1400'>
      <properties size='1'>
        <property name='download.size' value='66362'/>
      </properties>
    </artifact>
    <artifact classifier='osgi.bundle' id='org.eclipse.wst.dtd.core' version='1.1.501.v201107252021'>
      <properties size='1'>
        <property name='download.size' value='406075'/>
      </properties>
    </artifact>
    <artifact classifier='osgi.bundle' id='org.eclipse.equinox.event' version='1.2.100.v20110502'>
      <properties size='1'>
        <property name='download.size' value='32525'/>
      </properties>
    </artifact>
    <artifact classifier='osgi.bundle' id='org.eclipse.osgi.util' version='3.2.200.v20110110'>
      <properties size='1'>
        <property name='download.size' value='23764'/>
      </properties>
    </artifact>
    <artifact classifier='osgi.bundle' id='org.eclipse.team.core' version='3.6.0.I20110525-0800'>
      <properties size='1'>
        <property name='download.size' value='393873'/>
      </properties>
    </artifact>
    <artifact classifier='osgi.bundle' id='org.eclipse.update.ui' version='3.2.300.v20100512'>
      <properties size='1'>
        <property name='download.size' value='507184'/>
      </properties>
    </artifact>
    <artifact classifier='osgi.bundle' id='org.eclipse.ui.navigator' version='3.5.100.v20110809-2227'>
      <properties size='1'>
        <property name='download.size' value='404927'/>
      </properties>
    </artifact>
    <artifact classifier='osgi.bundle' id='org.eclipse.equinox.security.ui' version='1.1.0.v20101004'>
      <properties size='1'>
        <property name='download.size' value='214241'/>
      </properties>
    </artifact>
    <artifact classifier='osgi.bundle' id='org.eclipse.ecf' version='3.1.300.v20110531-2218'>
      <properties size='1'>
        <property name='download.size' value='93248'/>
      </properties>
    </artifact>
    <artifact classifier='osgi.bundle' id='com.sun.syndication' version='0.9.0.v200803061811'>
      <properties size='1'>
        <property name='download.size' value='218755'/>
      </properties>
    </artifact>
    <artifact classifier='org.eclipse.update.feature' id='org.eclipse.epp.package.java.feature' version='1.4.1.20110909-1818'>
      <properties size='1'>
        <property name='download.size' value='17006'/>
      </properties>
      <repositoryProperties size='1'>
        <property name='artifact.folder' value='true'/>
      </repositoryProperties>
    </artifact>
    <artifact classifier='osgi.bundle' id='org.eclipse.epp.package.java' version='1.4.1.20110909-0613'>
      <properties size='1'>
        <property name='download.size' value='49457'/>
      </properties>
      <repositoryProperties size='1'>
        <property name='artifact.folder' value='true'/>
      </repositoryProperties>
    </artifact>
    <artifact classifier='osgi.bundle' id='org.eclipse.mylyn.wikitext.help.ui' version='1.5.1.v20110720-0100'>
      <properties size='1'>
        <property name='download.size' value='1250467'/>
      </properties>
    </artifact>
    <artifact classifier='osgi.bundle' id='org.eclipse.mylyn.wikitext.textile.ui' version='1.5.0.v20110608-1400'>
      <properties size='1'>
        <property name='download.size' value='12204'/>
      </properties>
    </artifact>
    <artifact classifier='osgi.bundle' id='org.eclipse.core.runtime' version='3.7.0.v20110110'>
      <properties size='1'>
        <property name='download.size' value='70526'/>
      </properties>
    </artifact>
    <artifact classifier='osgi.bundle' id='org.apache.commons.codec' version='1.3.0.v201101211617'>
      <properties size='1'>
        <property name='download.size' value='55011'/>
      </properties>
    </artifact>
    <artifact classifier='org.eclipse.update.feature' id='org.eclipse.equinox.p2.core.feature' version='1.0.1.R37x_v20110906-8290FZ3FUqIcLqkVkEaTdn_14C7G'>
      <properties size='1'>
        <property name='download.size' value='30074'/>
      </properties>
      <repositoryProperties size='1'>
        <property name='artifact.folder' value='true'/>
      </repositoryProperties>
    </artifact>
    <artifact classifier='osgi.bundle' id='org.eclipse.core.databinding' version='1.4.0.I20110111-0800'>
      <properties size='1'>
        <property name='download.size' value='200967'/>
      </properties>
    </artifact>
    <artifact classifier='osgi.bundle' id='org.apache.lucene.core' version='2.9.1.v201101211721'>
      <properties size='1'>
        <property name='download.size' value='1168475'/>
      </properties>
    </artifact>
    <artifact classifier='osgi.bundle' id='org.eclipse.swt.win32.win32.x86_64' version='3.7.1.v3738a'>
      <properties size='1'>
        <property name='download.size' value='2607223'/>
      </properties>
    </artifact>
    <artifact classifier='osgi.bundle' id='org.eclipse.jdt.ui' version='3.7.1.r371_v20110824-0800'>
      <properties size='1'>
        <property name='download.size' value='10212444'/>
      </properties>
    </artifact>
    <artifact classifier='osgi.bundle' id='org.eclipse.compare' version='3.5.201.R37x_v20110817-0800'>
      <properties size='1'>
        <property name='download.size' value='735193'/>
      </properties>
    </artifact>
    <artifact classifier='org.eclipse.update.feature' id='org.eclipse.mylyn.bugzilla_feature' version='3.6.2.v20110908-0706'>
      <properties size='1'>
        <property name='download.size' value='19268'/>
      </properties>
      <repositoryProperties size='1'>
        <property name='artifact.folder' value='true'/>
      </repositoryProperties>
    </artifact>
    <artifact classifier='osgi.bundle' id='org.eclipse.wst.common.core' version='1.2.0.v200908252030'>
      <properties size='1'>
        <property name='download.size' value='53377'/>
      </properties>
    </artifact>
    <artifact classifier='osgi.bundle' id='org.eclipse.equinox.p2.updatechecker' version='1.1.200.v20110502-1955'>
      <properties size='1'>
        <property name='download.size' value='16801'/>
      </properties>
    </artifact>
    <artifact classifier='osgi.bundle' id='org.eclipse.xsd' version='2.7.0.v20110606-0949'>
      <properties size='1'>
        <property name='download.size' value='993064'/>
      </properties>
    </artifact>
    <artifact classifier='osgi.bundle' id='org.eclipse.ui.ide' version='3.7.0.v20110809-1737'>
      <properties size='1'>
        <property name='download.size' value='2339434'/>
      </properties>
    </artifact>
    <artifact classifier='osgi.bundle' id='org.eclipse.ecf.filetransfer' version='5.0.0.v20110531-2218'>
      <properties size='1'>
        <property name='download.size' value='50502'/>
      </properties>
    </artifact>
    <artifact classifier='osgi.bundle' id='org.eclipse.help.base' version='3.6.1.v201109091335'>
      <properties size='1'>
        <property name='download.size' value='414128'/>
      </properties>
    </artifact>
    <artifact classifier='org.eclipse.update.feature' id='org.eclipse.epp.usagedata.feature' version='1.4.0.R201106061540'>
      <properties size='1'>
        <property name='download.size' value='31389'/>
      </properties>
      <repositoryProperties size='1'>
        <property name='artifact.folder' value='true'/>
      </repositoryProperties>
    </artifact>
    <artifact classifier='osgi.bundle' id='org.eclipse.debug.core' version='3.7.0.v20110518'>
      <properties size='1'>
        <property name='download.size' value='344451'/>
      </properties>
    </artifact>
    <artifact classifier='osgi.bundle' id='org.eclipse.wst.xsd.ui' version='1.2.404.v201105050216'>
      <properties size='1'>
        <property name='download.size' value='1286590'/>
      </properties>
    </artifact>
    <artifact classifier='osgi.bundle' id='org.eclipse.ui.views.log' version='1.0.200.v20110404'>
      <properties size='1'>
        <property name='download.size' value='138538'/>
      </properties>
    </artifact>
    <artifact classifier='osgi.bundle' id='org.eclipse.equinox.preferences' version='3.4.1.R37x_v20110725'>
      <properties size='1'>
        <property name='download.size' value='111595'/>
      </properties>
    </artifact>
    <artifact classifier='osgi.bundle' id='org.eclipse.platform' version='3.7.1.v201109091335'>
      <properties size='1'>
        <property name='download.size' value='338280'/>
      </properties>
      <repositoryProperties size='1'>
        <property name='artifact.folder' value='true'/>
      </repositoryProperties>
    </artifact>
    <artifact classifier='osgi.bundle' id='org.eclipse.mylyn.commons.screenshots' version='3.6.0.v20110608-1400'>
      <properties size='1'>
        <property name='download.size' value='106723'/>
      </properties>
    </artifact>
    <artifact classifier='osgi.bundle' id='org.eclipse.jface' version='3.7.0.I20110522-1430'>
      <properties size='1'>
        <property name='download.size' value='1077121'/>
      </properties>
    </artifact>
    <artifact classifier='osgi.bundle' id='org.eclipse.wb.swing' version='1.1.0.r37x201109091143'>
      <properties size='1'>
        <property name='download.size' value='1425122'/>
      </properties>
    </artifact>
    <artifact classifier='osgi.bundle' id='org.eclipse.ui.presentations.r21' version='3.2.200.I20100517-1500'>
      <properties size='1'>
        <property name='download.size' value='99350'/>
      </properties>
    </artifact>
    <artifact classifier='osgi.bundle' id='org.eclipse.jface.databinding' version='1.5.0.I20100907-0800'>
      <properties size='1'>
        <property name='download.size' value='275458'/>
      </properties>
    </artifact>
    <artifact classifier='osgi.bundle' id='org.eclipse.help.webapp' version='3.6.0.v20110518'>
      <properties size='1'>
        <property name='download.size' value='586730'/>
      </properties>
    </artifact>
    <artifact classifier='osgi.bundle' id='org.eclipse.wst.dtd.ui.infopop' version='1.0.400.v201008112018'>
      <properties size='1'>
        <property name='download.size' value='8941'/>
      </properties>
    </artifact>
    <artifact classifier='osgi.bundle' id='org.eclipse.team.ui' version='3.6.100.I20110525-0800'>
      <properties size='1'>
        <property name='download.size' value='1440788'/>
      </properties>
    </artifact>
    <artifact classifier='osgi.bundle' id='org.eclipse.equinox.p2.updatesite' version='1.0.300.v20110510'>
      <properties size='1'>
        <property name='download.size' value='82539'/>
      </properties>
    </artifact>
    <artifact classifier='org.eclipse.update.feature' id='org.eclipse.cvs' version='1.3.100.v20110520-0800-7B78FHk8sF7BB7VAH5AYC5'>
      <properties size='1'>
        <property name='download.size' value='29652'/>
      </properties>
      <repositoryProperties size='1'>
        <property name='artifact.folder' value='true'/>
      </repositoryProperties>
    </artifact>
    <artifact classifier='osgi.bundle' id='org.eclipse.equinox.concurrent' version='1.0.200.v20110502'>
      <properties size='1'>
        <property name='download.size' value='19906'/>
      </properties>
    </artifact>
    <artifact classifier='osgi.bundle' id='org.eclipse.wb.swing.java6' version='1.1.0.r37x201109091143'>
      <properties size='1'>
        <property name='download.size' value='82283'/>
      </properties>
    </artifact>
    <artifact classifier='osgi.bundle' id='org.eclipse.equinox.p2.touchpoint.natives' version='1.0.300.v20110502-1955'>
      <properties size='1'>
        <property name='download.size' value='50203'/>
      </properties>
    </artifact>
    <artifact classifier='osgi.bundle' id='org.eclipse.cvs' version='1.1.100.v201109091335'>
      <properties size='1'>
        <property name='download.size' value='14155'/>
      </properties>
    </artifact>
    <artifact classifier='osgi.bundle' id='org.eclipse.core.runtime.compatibility.auth' version='3.2.200.v20110110'>
      <properties size='1'>
        <property name='download.size' value='22838'/>
      </properties>
    </artifact>
    <artifact classifier='osgi.bundle' id='org.eclipse.equinox.p2.core' version='2.1.0.v20110502-1955'>
      <properties size='1'>
        <property name='download.size' value='70810'/>
      </properties>
    </artifact>
    <artifact classifier='osgi.bundle' id='org.eclipse.m2e.lifecyclemapping.defaults' version='1.0.100.20110804-1717'>
      <properties size='1'>
        <property name='download.size' value='9459'/>
      </properties>
      <repositoryProperties size='1'>
        <property name='artifact.folder' value='true'/>
      </repositoryProperties>
    </artifact>
    <artifact classifier='osgi.bundle' id='org.eclipse.wst.sse.doc.user' version='1.1.100.v201005192212'>
      <properties size='1'>
        <property name='download.size' value='122162'/>
      </properties>
    </artifact>
    <artifact classifier='osgi.bundle' id='org.eclipse.equinox.registry' version='3.5.101.R37x_v20110810-1611'>
      <properties size='1'>
        <property name='download.size' value='183035'/>
      </properties>
    </artifact>
    <artifact classifier='osgi.bundle' id='org.eclipse.wst.internet.cache' version='1.0.400.v201004280700'>
      <properties size='1'>
        <property name='download.size' value='42839'/>
      </properties>
    </artifact>
    <artifact classifier='osgi.bundle' id='org.apache.lucene.spellchecker' version='2.9.1.v20100421-0704'>
      <properties size='1'>
        <property name='download.size' value='36144'/>
      </properties>
    </artifact>
    <artifact classifier='osgi.bundle' id='org.eclipse.mylyn.context.core' version='3.6.1.v20110720-0100'>
      <properties size='1'>
        <property name='download.size' value='113626'/>
      </properties>
    </artifact>
    <artifact classifier='osgi.bundle' id='org.eclipse.wst.validation.ui' version='1.2.204.v201004150700'>
      <properties size='1'>
        <property name='download.size' value='142492'/>
      </properties>
    </artifact>
    <artifact classifier='osgi.bundle' id='org.eclipse.team.cvs.core' version='3.3.400.I20110510-0800'>
      <properties size='1'>
        <property name='download.size' value='582370'/>
      </properties>
    </artifact>
    <artifact classifier='osgi.bundle' id='org.eclipse.jdt.apt.ui' version='3.3.300.v20110305-1450'>
      <properties size='1'>
        <property name='download.size' value='68070'/>
      </properties>
    </artifact>
    <artifact classifier='osgi.bundle' id='org.eclipse.jdt.debug' version='3.7.1.v20110802_r371'>
      <properties size='1'>
        <property name='download.size' value='820032'/>
      </properties>
      <repositoryProperties size='1'>
        <property name='artifact.folder' value='true'/>
      </repositoryProperties>
    </artifact>
    <artifact classifier='org.eclipse.update.feature' id='org.eclipse.mylyn.context_feature' version='3.6.2.v20110908-0706'>
      <properties size='1'>
        <property name='download.size' value='19128'/>
      </properties>
      <repositoryProperties size='1'>
        <property name='artifact.folder' value='true'/>
      </repositoryProperties>
    </artifact>
    <artifact classifier='osgi.bundle' id='org.eclipse.equinox.p2.jarprocessor' version='1.0.200.v20110502-1955'>
      <properties size='1'>
        <property name='download.size' value='67020'/>
      </properties>
    </artifact>
    <artifact classifier='osgi.bundle' id='org.eclipse.m2e.discovery' version='1.0.100.20110804-1717'>
      <properties size='1'>
        <property name='download.size' value='114004'/>
      </properties>
    </artifact>
    <artifact classifier='osgi.bundle' id='org.apache.lucene.analysis' version='2.9.1.v201101211721'>
      <properties size='1'>
        <property name='download.size' value='216089'/>
      </properties>
    </artifact>
    <artifact classifier='osgi.bundle' id='org.eclipse.core.filebuffers' version='3.5.200.v20110505-0800'>
      <properties size='1'>
        <property name='download.size' value='113448'/>
      </properties>
    </artifact>
    <artifact classifier='osgi.bundle' id='org.eclipse.equinox.p2.reconciler.dropins' version='1.1.100.v20110510'>
      <properties size='1'>
        <property name='download.size' value='47405'/>
      </properties>
    </artifact>
    <artifact classifier='org.eclipse.update.feature' id='org.eclipse.egit.psf' version='1.1.0.201109151100-r'>
      <properties size='1'>
        <property name='download.size' value='18248'/>
      </properties>
      <repositoryProperties size='1'>
        <property name='artifact.folder' value='true'/>
      </repositoryProperties>
    </artifact>
    <artifact classifier='osgi.bundle' id='org.junit4' version='4.8.1.v20100525'>
      <properties size='1'>
        <property name='download.size' value='6023'/>
      </properties>
      <repositoryProperties size='1'>
        <property name='artifact.folder' value='true'/>
      </repositoryProperties>
    </artifact>
    <artifact classifier='osgi.bundle' id='javax.servlet' version='2.5.0.v201103041518'>
      <properties size='1'>
        <property name='download.size' value='119303'/>
      </properties>
    </artifact>
    <artifact classifier='osgi.bundle' id='org.eclipse.ui.workbench' version='3.7.0.I20110519-0100'>
      <properties size='1'>
        <property name='download.size' value='4165292'/>
      </properties>
    </artifact>
    <artifact classifier='osgi.bundle' id='org.eclipse.emf.ecore.edit' version='2.7.0.v20110913-1156'>
      <properties size='1'>
        <property name='download.size' value='124319'/>
      </properties>
    </artifact>
    <artifact classifier='osgi.bundle' id='org.eclipse.m2e.editor.xml' version='1.0.100.20110804-1717'>
      <properties size='1'>
        <property name='download.size' value='203020'/>
      </properties>
    </artifact>
    <artifact classifier='osgi.bundle' id='org.eclipse.update.configurator' version='3.3.100.v20100512'>
      <properties size='1'>
        <property name='download.size' value='99908'/>
      </properties>
    </artifact>
    <artifact classifier='osgi.bundle' id='org.eclipse.team.cvs.ui' version='3.3.400.I20110510-0800'>
      <properties size='1'>
        <property name='download.size' value='1674220'/>
      </properties>
    </artifact>
    <artifact classifier='org.eclipse.update.feature' id='org.eclipse.wst.common_ui.feature' version='3.3.1.v201107190400-7C79FULEdhO_pfuh6nYekfK0TyR2OK'>
      <properties size='1'>
        <property name='download.size' value='29756'/>
      </properties>
      <repositoryProperties size='1'>
        <property name='artifact.folder' value='true'/>
      </repositoryProperties>
    </artifact>
    <artifact classifier='osgi.bundle' id='org.apache.lucene.misc' version='2.9.1.v20100421-0704'>
      <properties size='1'>
        <property name='download.size' value='76670'/>
      </properties>
    </artifact>
    <artifact classifier='org.eclipse.update.feature' id='org.eclipse.platform' version='3.7.1.r37x_v20110729-9gF7UHOxFtniV7mI3T556iZN9AU8bEZ1lHMcVK'>
      <properties size='1'>
        <property name='download.size' value='30854'/>
      </properties>
      <repositoryProperties size='1'>
        <property name='artifact.folder' value='true'/>
      </repositoryProperties>
    </artifact>
    <artifact classifier='osgi.bundle' id='org.apache.xerces' version='2.9.0.v201101211617'>
      <properties size='1'>
        <property name='download.size' value='1303468'/>
      </properties>
    </artifact>
    <artifact classifier='osgi.bundle' id='org.eclipse.jem.util' version='2.1.100.v201103021400'>
      <properties size='1'>
        <property name='download.size' value='109936'/>
      </properties>
    </artifact>
    <artifact classifier='osgi.bundle' id='org.eclipse.mylyn.wikitext.mediawiki.core' version='1.5.2.v20110830-0100'>
      <properties size='1'>
        <property name='download.size' value='102855'/>
      </properties>
    </artifact>
    <artifact classifier='osgi.bundle' id='org.eclipse.wst.xml.ui.infopop' version='1.0.400.v201004292007'>
      <properties size='1'>
        <property name='download.size' value='16351'/>
      </properties>
    </artifact>
    <artifact classifier='osgi.bundle' id='org.apache.commons.logging' version='1.0.4.v201101211617'>
      <properties size='1'>
        <property name='download.size' value='45405'/>
      </properties>
    </artifact>
    <artifact classifier='org.eclipse.update.feature' id='org.eclipse.egit.mylyn' version='1.1.0.201109151100-r'>
      <properties size='1'>
        <property name='download.size' value='18306'/>
      </properties>
      <repositoryProperties size='1'>
        <property name='artifact.folder' value='true'/>
      </repositoryProperties>
    </artifact>
    <artifact classifier='osgi.bundle' id='org.eclipse.epp.usagedata.recording' version='1.3.1.R201106061540'>
      <properties size='1'>
        <property name='download.size' value='47329'/>
      </properties>
    </artifact>
    <artifact classifier='osgi.bundle' id='org.eclipse.epp.usagedata.ui' version='1.3.1.R201106061540'>
      <properties size='1'>
        <property name='download.size' value='160461'/>
      </properties>
    </artifact>
    <artifact classifier='osgi.bundle' id='org.eclipse.ecf.provider.filetransfer' version='3.2.0.v20110531-2218'>
      <properties size='1'>
        <property name='download.size' value='126827'/>
      </properties>
    </artifact>
    <artifact classifier='osgi.bundle' id='org.eclipse.ui.intro' version='3.4.100.v20110425'>
      <properties size='1'>
        <property name='download.size' value='308537'/>
      </properties>
    </artifact>
    <artifact classifier='osgi.bundle' id='org.eclipse.mylyn.context.ui' version='3.6.0.v20110608-1400'>
      <properties size='1'>
        <property name='download.size' value='255684'/>
      </properties>
    </artifact>
    <artifact classifier='osgi.bundle' id='org.eclipse.mylyn.wikitext.core' version='1.5.1.v20110720-0100'>
      <properties size='1'>
        <property name='download.size' value='277388'/>
      </properties>
    </artifact>
    <artifact classifier='osgi.bundle' id='org.eclipse.mylyn.commons.identity' version='0.8.0.v20110608-1400'>
      <properties size='1'>
        <property name='download.size' value='39672'/>
      </properties>
    </artifact>
    <artifact classifier='osgi.bundle' id='org.eclipse.compare.win32' version='1.0.200.I20110510-0800'>
      <properties size='1'>
        <property name='download.size' value='37883'/>
      </properties>
    </artifact>
    <artifact classifier='osgi.bundle' id='org.eclipse.ui.externaltools' version='3.2.0.v20110506'>
      <properties size='1'>
        <property name='download.size' value='135475'/>
      </properties>
    </artifact>
    <artifact classifier='osgi.bundle' id='org.eclipse.equinox.p2.touchpoint.eclipse' version='2.1.1.R37x_v20110815-0935'>
      <properties size='1'>
        <property name='download.size' value='123287'/>
      </properties>
    </artifact>
    <artifact classifier='osgi.bundle' id='org.eclipse.wb.core.lib' version='1.1.0.r37x201109091012'>
      <properties size='1'>
        <property name='download.size' value='3539698'/>
      </properties>
      <repositoryProperties size='1'>
        <property name='artifact.folder' value='true'/>
      </repositoryProperties>
    </artifact>
    <artifact classifier='osgi.bundle' id='com.jcraft.jsch' version='0.1.41.v201101211617'>
      <properties size='1'>
        <property name='download.size' value='226770'/>
      </properties>
    </artifact>
    <artifact classifier='osgi.bundle' id='org.eclipse.xsd.edit' version='2.6.0.v20110606-0949'>
      <properties size='1'>
        <property name='download.size' value='222029'/>
      </properties>
    </artifact>
    <artifact classifier='osgi.bundle' id='org.eclipse.equinox.p2.ui.sdk' version='1.0.200.v20110502-1955'>
      <properties size='1'>
        <property name='download.size' value='41395'/>
      </properties>
    </artifact>
    <artifact classifier='osgi.bundle' id='org.eclipse.wst.common.uriresolver' version='1.1.401.v201004280700'>
      <properties size='1'>
        <property name='download.size' value='39667'/>
      </properties>
    </artifact>
    <artifact classifier='org.eclipse.update.feature' id='org.eclipse.wb.layout.group.feature' version='1.1.0.r37x201109091112'>
      <properties size='1'>
        <property name='download.size' value='30514'/>
      </properties>
      <repositoryProperties size='1'>
        <property name='artifact.folder' value='true'/>
      </repositoryProperties>
    </artifact>
    <artifact classifier='osgi.bundle' id='org.eclipse.equinox.app' version='1.3.100.v20110321'>
      <properties size='1'>
        <property name='download.size' value='85218'/>
      </properties>
    </artifact>
    <artifact classifier='osgi.bundle' id='org.eclipse.egit' version='1.1.0.201109151100-r'>
      <properties size='1'>
        <property name='download.size' value='9835'/>
      </properties>
    </artifact>
    <artifact classifier='osgi.bundle' id='org.eclipse.core.net.win32.x86_64' version='1.0.100.I20110331-0827'>
      <properties size='1'>
        <property name='download.size' value='28204'/>
      </properties>
    </artifact>
    <artifact classifier='osgi.bundle' id='org.eclipse.team.cvs.ssh2' version='3.2.300.I20110511-0800'>
      <properties size='1'>
        <property name='download.size' value='27118'/>
      </properties>
    </artifact>
    <artifact classifier='osgi.bundle' id='org.eclipse.core.runtime.compatibility' version='3.2.100.v20100505'>
      <properties size='1'>
        <property name='download.size' value='92809'/>
      </properties>
    </artifact>
    <artifact classifier='osgi.bundle' id='org.eclipse.mylyn' version='3.6.0.v20110608-1400'>
      <properties size='1'>
        <property name='download.size' value='10167'/>
      </properties>
    </artifact>
    <artifact classifier='osgi.bundle' id='org.eclipse.mylyn.commons.core' version='3.6.0.v20110608-1400'>
      <properties size='1'>
        <property name='download.size' value='38766'/>
      </properties>
    </artifact>
    <artifact classifier='osgi.bundle' id='org.eclipse.emf.ecore.change' version='2.7.1.v20110829-1916'>
      <properties size='1'>
        <property name='download.size' value='82017'/>
      </properties>
    </artifact>
    <artifact classifier='osgi.bundle' id='org.eclipse.mylyn.discovery.core' version='3.6.1.v20110817-0100'>
      <properties size='1'>
        <property name='download.size' value='84842'/>
      </properties>
    </artifact>
    <artifact classifier='osgi.bundle' id='org.eclipse.ui.workbench.compatibility' version='3.2.100.I20110413-1600'>
      <properties size='1'>
        <property name='download.size' value='13888'/>
      </properties>
      <repositoryProperties size='1'>
        <property name='artifact.folder' value='true'/>
      </repositoryProperties>
    </artifact>
    <artifact classifier='osgi.bundle' id='org.eclipse.equinox.jsp.jasper.registry' version='1.0.200.v20100503'>
      <properties size='1'>
        <property name='download.size' value='11131'/>
      </properties>
    </artifact>
    <artifact classifier='osgi.bundle' id='org.apache.xml.serializer' version='2.7.1.v201005080400'>
      <properties size='1'>
        <property name='download.size' value='293202'/>
      </properties>
    </artifact>
    <artifact classifier='osgi.bundle' id='org.eclipse.wb.runtime.lib' version='1.1.0.r37x201109091012'>
      <properties size='1'>
        <property name='download.size' value='469304'/>
      </properties>
      <repositoryProperties size='1'>
        <property name='artifact.folder' value='true'/>
      </repositoryProperties>
    </artifact>
    <artifact classifier='org.eclipse.update.feature' id='org.eclipse.mylyn.ide_feature' version='3.6.2.v20110908-0706'>
      <properties size='1'>
        <property name='download.size' value='19240'/>
      </properties>
      <repositoryProperties size='1'>
        <property name='artifact.folder' value='true'/>
      </repositoryProperties>
    </artifact>
    <artifact classifier='osgi.bundle' id='org.eclipse.epp.mpc.help.ui' version='1.1.1.I20110907-0947'>
      <properties size='1'>
        <property name='download.size' value='546192'/>
      </properties>
    </artifact>
    <artifact classifier='osgi.bundle' id='org.eclipse.mylyn.wikitext.twiki.ui' version='1.5.0.v20110608-1400'>
      <properties size='1'>
        <property name='download.size' value='10377'/>
      </properties>
    </artifact>
    <artifact classifier='osgi.bundle' id='org.eclipse.mylyn.commons.ui' version='3.6.1.v20110720-0100'>
      <properties size='1'>
        <property name='download.size' value='398706'/>
      </properties>
    </artifact>
    <artifact classifier='osgi.bundle' id='org.eclipse.equinox.security.win32.x86_64' version='1.0.0.v20110502'>
      <properties size='1'>
        <property name='download.size' value='34273'/>
      </properties>
    </artifact>
    <artifact classifier='osgi.bundle' id='org.eclipse.equinox.p2.engine' version='2.1.0.v20110511'>
      <properties size='1'>
        <property name='download.size' value='184851'/>
      </properties>
    </artifact>
    <artifact classifier='osgi.bundle' id='org.eclipse.emf.edit' version='2.7.1.v20110913-1526'>
      <properties size='1'>
        <property name='download.size' value='263359'/>
      </properties>
    </artifact>
    <artifact classifier='osgi.bundle' id='javax.mail' version='1.4.0.v201005080615'>
      <properties size='1'>
        <property name='download.size' value='320960'/>
      </properties>
    </artifact>
    <artifact classifier='osgi.bundle' id='org.eclipse.m2e.jdt' version='1.0.100.20110804-1717'>
      <properties size='1'>
        <property name='download.size' value='105591'/>
      </properties>
    </artifact>
    <artifact classifier='osgi.bundle' id='org.eclipse.ui.workbench.texteditor' version='3.7.0.v20110505-0800'>
      <properties size='1'>
        <property name='download.size' value='581951'/>
      </properties>
    </artifact>
    <artifact classifier='osgi.bundle' id='org.eclipse.help.ui' version='3.5.101.r37_20110819'>
      <properties size='1'>
        <property name='download.size' value='509522'/>
      </properties>
    </artifact>
    <artifact classifier='osgi.bundle' id='org.eclipse.egit.doc' version='1.1.0.201109151100-r'>
      <properties size='1'>
        <property name='download.size' value='3084720'/>
      </properties>
    </artifact>
    <artifact classifier='org.eclipse.update.feature' id='org.eclipse.mylyn_feature' version='3.6.2.v20110908-0706'>
      <properties size='1'>
        <property name='download.size' value='19675'/>
      </properties>
      <repositoryProperties size='1'>
        <property name='artifact.folder' value='true'/>
      </repositoryProperties>
    </artifact>
    <artifact classifier='org.eclipse.update.feature' id='org.eclipse.equinox.p2.user.ui' version='2.1.2.R37x_v20110815-1155-6-Bj9JXOeQxOURYC-l9BL7rDEQO7'>
      <properties size='1'>
        <property name='download.size' value='29679'/>
      </properties>
      <repositoryProperties size='1'>
        <property name='artifact.folder' value='true'/>
      </repositoryProperties>
    </artifact>
    <artifact classifier='osgi.bundle' id='org.eclipse.wst.common.ui' version='1.1.500.v200911190730'>
      <properties size='1'>
        <property name='download.size' value='141358'/>
      </properties>
    </artifact>
    <artifact classifier='osgi.bundle' id='org.jboss.netty' version='3.2.4.Final-201108040830'>
      <properties size='1'>
        <property name='download.size' value='745090'/>
      </properties>
    </artifact>
    <artifact classifier='osgi.bundle' id='org.eclipse.epp.mpc.core' version='1.1.1.I20110907-0947'>
      <properties size='1'>
        <property name='download.size' value='91420'/>
      </properties>
    </artifact>
    <artifact classifier='osgi.bundle' id='org.eclipse.mylyn.wikitext.confluence.ui' version='1.5.0.v20110608-1400'>
      <properties size='1'>
        <property name='download.size' value='11825'/>
      </properties>
    </artifact>
    <artifact classifier='osgi.bundle' id='javax.xml' version='1.3.4.v201005080400'>
      <properties size='1'>
        <property name='download.size' value='237990'/>
      </properties>
    </artifact>
    <artifact classifier='osgi.bundle' id='org.eclipse.mylyn.team.ui' version='3.6.1.v20110825-0100'>
      <properties size='1'>
        <property name='download.size' value='126821'/>
      </properties>
    </artifact>
    <artifact classifier='osgi.bundle' id='org.eclipse.ui.cheatsheets' version='3.4.100.v20110425'>
      <properties size='1'>
        <property name='download.size' value='328979'/>
      </properties>
    </artifact>
    <artifact classifier='osgi.bundle' id='org.eclipse.m2e.maven.runtime' version='1.0.100.20110804-1717'>
      <properties size='1'>
        <property name='download.size' value='3260421'/>
      </properties>
      <repositoryProperties size='1'>
        <property name='artifact.folder' value='true'/>
      </repositoryProperties>
    </artifact>
    <artifact classifier='org.eclipse.update.feature' id='org.eclipse.m2e.feature' version='1.0.100.20110804-1717'>
      <properties size='1'>
        <property name='download.size' value='20082'/>
      </properties>
      <repositoryProperties size='1'>
        <property name='artifact.folder' value='true'/>
      </repositoryProperties>
    </artifact>
    <artifact classifier='osgi.bundle' id='org.eclipse.jdt.junit' version='3.7.0.v20110505-0800'>
      <properties size='1'>
        <property name='download.size' value='420651'/>
      </properties>
    </artifact>
    <artifact classifier='osgi.bundle' id='org.eclipse.mylyn.java.tasks' version='3.6.0.v20110608-1400'>
      <properties size='1'>
        <property name='download.size' value='21237'/>
      </properties>
    </artifact>
    <artifact classifier='osgi.bundle' id='org.eclipse.mylyn.wikitext.confluence.core' version='1.5.0.v20110608-1400'>
      <properties size='1'>
        <property name='download.size' value='60275'/>
      </properties>
    </artifact>
    <artifact classifier='osgi.bundle' id='org.eclipse.wb.core' version='1.1.0.r37x201109091012'>
      <properties size='1'>
        <property name='download.size' value='4181356'/>
      </properties>
    </artifact>
    <artifact classifier='osgi.bundle' id='org.eclipse.ant.core' version='3.2.300.v20110511'>
      <properties size='1'>
        <property name='download.size' value='97774'/>
      </properties>
    </artifact>
    <artifact classifier='osgi.bundle' id='org.eclipse.equinox.p2.discovery.compatibility' version='1.0.1.v20110502-1955'>
      <properties size='1'>
        <property name='download.size' value='55425'/>
      </properties>
    </artifact>
    <artifact classifier='osgi.bundle' id='org.eclipse.equinox.simpleconfigurator.manipulator' version='2.0.0.v20110502-1955'>
      <properties size='1'>
        <property name='download.size' value='22846'/>
      </properties>
    </artifact>
    <artifact classifier='osgi.bundle' id='org.eclipse.mylyn.ide.ant' version='3.6.0.v20110608-1400'>
      <properties size='1'>
        <property name='download.size' value='25881'/>
      </properties>
    </artifact>
    <artifact classifier='osgi.bundle' id='javax.xml.bind' version='2.2.0.v201105210648'>
      <properties size='1'>
        <property name='download.size' value='118144'/>
      </properties>
    </artifact>
    <artifact classifier='osgi.bundle' id='org.apache.ant' version='1.8.2.v20110505-1300'>
      <properties size='1'>
        <property name='download.size' value='2213103'/>
      </properties>
      <repositoryProperties size='1'>
        <property name='artifact.folder' value='true'/>
      </repositoryProperties>
    </artifact>
    <artifact classifier='org.eclipse.update.feature' id='org.eclipse.rcp' version='3.7.1.r37x_v20110729-9DB5FmNFnFLSFCtLxnRfMqt15A4A'>
      <properties size='1'>
        <property name='download.size' value='30413'/>
      </properties>
      <repositoryProperties size='1'>
        <property name='artifact.folder' value='true'/>
      </repositoryProperties>
    </artifact>
    <artifact classifier='osgi.bundle' id='org.eclipse.wst.dtdeditor.doc.user' version='1.0.700.v201008112018'>
      <properties size='1'>
        <property name='download.size' value='38445'/>
      </properties>
    </artifact>
    <artifact classifier='osgi.bundle' id='org.eclipse.equinox.p2.director' version='2.1.0.v20110504-1715'>
      <properties size='1'>
        <property name='download.size' value='95070'/>
      </properties>
    </artifact>
    <artifact classifier='osgi.bundle' id='org.eclipse.m2e.launching' version='1.0.100.20110804-1717'>
      <properties size='1'>
        <property name='download.size' value='96772'/>
      </properties>
    </artifact>
    <artifact classifier='osgi.bundle' id='org.eclipse.mylyn.wikitext.twiki.core' version='1.5.0.v20110608-1400'>
      <properties size='1'>
        <property name='download.size' value='46537'/>
      </properties>
    </artifact>
    <artifact classifier='osgi.bundle' id='org.eclipse.wb.runtime' version='1.1.0.r37x201109091012'>
      <properties size='1'>
        <property name='download.size' value='6158'/>
      </properties>
    </artifact>
    <artifact classifier='osgi.bundle' id='com.ibm.icu' version='4.4.2.v20110208'>
      <properties size='1'>
        <property name='download.size' value='6690628'/>
      </properties>
    </artifact>
    <artifact classifier='osgi.bundle' id='org.eclipse.wb.swing.databinding' version='1.1.0.r37x201109091143'>
      <properties size='1'>
        <property name='download.size' value='309498'/>
      </properties>
    </artifact>
    <artifact classifier='osgi.bundle' id='org.eclipse.mylyn.tasks.ui' version='3.6.2.v20110826-0100'>
      <properties size='1'>
        <property name='download.size' value='1661462'/>
      </properties>
    </artifact>
    <artifact classifier='osgi.bundle' id='org.eclipse.equinox.http.jetty' version='2.0.100.v20110502'>
      <properties size='1'>
        <property name='download.size' value='24884'/>
      </properties>
    </artifact>
    <artifact classifier='osgi.bundle' id='org.eclipse.wb.os.win32' version='1.1.0.r37x201109091012'>
      <properties size='1'>
        <property name='download.size' value='92683'/>
      </properties>
    </artifact>
    <artifact classifier='osgi.bundle' id='org.eclipse.core.jobs' version='3.5.100.v20110404'>
      <properties size='1'>
        <property name='download.size' value='91044'/>
      </properties>
    </artifact>
    <artifact classifier='osgi.bundle' id='org.eclipse.help' version='3.5.100.v20110426'>
      <properties size='1'>
        <property name='download.size' value='257403'/>
      </properties>
    </artifact>
    <artifact classifier='org.eclipse.update.feature' id='org.eclipse.wb.core.feature' version='1.1.0.r37x201109091012'>
      <properties size='1'>
        <property name='download.size' value='30636'/>
      </properties>
      <repositoryProperties size='1'>
        <property name='artifact.folder' value='true'/>
      </repositoryProperties>
    </artifact>
    <artifact classifier='osgi.bundle' id='org.eclipse.wb.swing.FormLayout' version='1.1.0.r37x201109091143'>
      <properties size='1'>
        <property name='download.size' value='297923'/>
      </properties>
    </artifact>
    <artifact classifier='osgi.bundle' id='org.eclipse.update.core.win32' version='3.2.200.v20100512'>
      <properties size='1'>
        <property name='download.size' value='86329'/>
      </properties>
    </artifact>
    <artifact classifier='osgi.bundle' id='org.eclipse.search' version='3.7.0.v20110505-0800'>
      <properties size='1'>
        <property name='download.size' value='468638'/>
      </properties>
    </artifact>
    <artifact classifier='osgi.bundle' id='org.eclipse.jsch.core' version='1.1.300.I20110514-0800'>
      <properties size='1'>
        <property name='download.size' value='36301'/>
      </properties>
    </artifact>
    <artifact classifier='osgi.bundle' id='org.eclipse.ltk.ui.refactoring' version='3.6.0.v20110505-0800'>
      <properties size='1'>
        <property name='download.size' value='454409'/>
      </properties>
    </artifact>
  </artifacts>
</repository>
