<?xml version="1.0" encoding="UTF-8"?>
<config transient="false" date="1316138546440">
	<site enabled="true" updateable="true" policy="USER-EXCLUDE" url="platform:/base/">
		<feature id="org.eclipse.equinox.p2.extras.feature" url="features/org.eclipse.equinox.p2.extras.feature_1.0.1.R37x_v20110906-7A4FD4DiVOManqZttPtXz0lWlFbU/" version="1.0.1.R37x_v20110906-7A4FD4DiVOManqZttPtXz0lWlFbU">
		</feature>
		<feature id="org.eclipse.equinox.p2.core.feature" url="features/org.eclipse.equinox.p2.core.feature_1.0.1.R37x_v20110906-8290FZ3FUqIcLqkVkEaTdn_14C7G/" version="1.0.1.R37x_v20110906-8290FZ3FUqIcLqkVkEaTdn_14C7G">
		</feature>
		<feature id="org.eclipse.cvs" url="features/org.eclipse.cvs_1.3.100.v20110520-0800-7B78FHk8sF7BB7VAH5AYC5/" version="1.3.100.v20110520-0800-7B78FHk8sF7BB7VAH5AYC5">
		</feature>
		<feature id="org.eclipse.wst.common_core.feature" url="features/org.eclipse.wst.common_core.feature_3.3.1.v201107190400-7B7DFO5F7RZHOeJ-SxQ1NJ/" version="3.3.1.v201107190400-7B7DFO5F7RZHOeJ-SxQ1NJ">
		</feature>
		<feature id="org.eclipse.help" plugin-identifier="org.eclipse.help.base" url="features/org.eclipse.help_1.3.0.v20110327-7i7uFFkFFp7gNobOpNgKo0/" version="1.3.0.v20110327-7i7uFFkFFp7gNobOpNgKo0">
		</feature>
		<feature id="org.eclipse.mylyn.ide_feature" plugin-identifier="org.eclipse.mylyn" url="features/org.eclipse.mylyn.ide_feature_3.6.2.v20110908-0706/" version="3.6.2.v20110908-0706">
		</feature>
		<feature id="org.eclipse.wb.core.feature" plugin-identifier="org.eclipse.wb.core" url="features/org.eclipse.wb.core.feature_1.1.0.r37x201109091012/" version="1.1.0.r37x201109091012">
		</feature>
		<feature id="org.eclipse.wst.xml_core.feature" url="features/org.eclipse.wst.xml_core.feature_3.3.1.v201108102009-7C7OFeKF7RZHQNI3R-OuRb/" version="3.3.1.v201108102009-7C7OFeKF7RZHQNI3R-OuRb">
		</feature>
		<feature id="org.eclipse.wb.layout.group.feature" plugin-identifier="org.eclipse.wb.layout.group" url="features/org.eclipse.wb.layout.group.feature_1.1.0.r37x201109091112/" version="1.1.0.r37x201109091112">
		</feature>
		<feature id="org.eclipse.wst.xml_userdoc.feature" url="features/org.eclipse.wst.xml_userdoc.feature_3.3.0.v201102071641-50FYwAkF7B77UBZFDBL/" version="3.3.0.v201102071641-50FYwAkF7B77UBZFDBL">
		</feature>
		<feature id="org.eclipse.equinox.p2.rcp.feature" url="features/org.eclipse.equinox.p2.rcp.feature_1.0.1.R37x_v20110906-782EpBqNKGUkZQpuT8hAlWlFbUeo/" version="1.0.1.R37x_v20110906-782EpBqNKGUkZQpuT8hAlWlFbUeo">
		</feature>
		<feature id="org.eclipse.wst.xml_ui.feature" plugin-identifier="org.eclipse.wst.xml.ui" url="features/org.eclipse.wst.xml_ui.feature_3.3.1.v201108102009-7H7EFZ3DxumTlaI6nheRdHo2p1KaDIL1Uz-S3PL/" version="3.3.1.v201108102009-7H7EFZ3DxumTlaI6nheRdHo2p1KaDIL1Uz-S3PL">
		</feature>
		<feature id="org.eclipse.epp.package.common.feature" url="features/org.eclipse.epp.package.common.feature_1.4.1.20110816-1927/" version="1.4.1.20110816-1927">
		</feature>
		<feature id="org.eclipse.mylyn_feature" plugin-identifier="org.eclipse.mylyn" url="features/org.eclipse.mylyn_feature_3.6.2.v20110908-0706/" version="3.6.2.v20110908-0706">
		</feature>
		<feature id="org.eclipse.equinox.p2.discovery.feature" url="features/org.eclipse.equinox.p2.discovery.feature_1.0.101.R37x_v20110909-4-8_9oB5885K5B28WKK/" version="1.0.101.R37x_v20110909-4-8_9oB5885K5B28WKK">
		</feature>
		<feature id="org.eclipse.equinox.p2.user.ui" url="features/org.eclipse.equinox.p2.user.ui_2.1.2.R37x_v20110815-1155-6-Bj9JXOeQxOURYC-l9BL7rDEQO7/" version="2.1.2.R37x_v20110815-1155-6-Bj9JXOeQxOURYC-l9BL7rDEQO7">
		</feature>
		<feature id="org.eclipse.m2e.logback.feature" plugin-identifier="org.eclipse.m2e.logback.configuration" url="features/org.eclipse.m2e.logback.feature_1.0.100.20110804-1717/" version="1.0.100.20110804-1717">
		</feature>
		<feature id="org.eclipse.mylyn.wikitext_feature" plugin-identifier="org.eclipse.mylyn" url="features/org.eclipse.mylyn.wikitext_feature_1.5.2.v20110908-0706/" version="1.5.2.v20110908-0706">
		</feature>
		<feature id="org.eclipse.rcp" url="features/org.eclipse.rcp_3.7.1.r37x_v20110729-9DB5FmNFnFLSFCtLxnRfMqt15A4A/" version="3.7.1.r37x_v20110729-9DB5FmNFnFLSFCtLxnRfMqt15A4A">
		</feature>
		<feature id="org.eclipse.mylyn.bugzilla_feature" plugin-identifier="org.eclipse.mylyn" url="features/org.eclipse.mylyn.bugzilla_feature_3.6.2.v20110908-0706/" version="3.6.2.v20110908-0706">
		</feature>
		<feature id="org.eclipse.wst.common_ui.feature" url="features/org.eclipse.wst.common_ui.feature_3.3.1.v201107190400-7C79FULEdhO_pfuh6nYekfK0TyR2OK/" version="3.3.1.v201107190400-7C79FULEdhO_pfuh6nYekfK0TyR2OK">
		</feature>
		<feature id="org.eclipse.egit" url="features/org.eclipse.egit_1.1.0.201109151100-r/" version="1.1.0.201109151100-r">
		</feature>
		<feature id="org.eclipse.egit.psf" url="features/org.eclipse.egit.psf_1.1.0.201109151100-r/" version="1.1.0.201109151100-r">
		</feature>
		<feature id="org.eclipse.mylyn.context_feature" plugin-identifier="org.eclipse.mylyn" url="features/org.eclipse.mylyn.context_feature_3.6.2.v20110908-0706/" version="3.6.2.v20110908-0706">
		</feature>
		<feature id="org.eclipse.platform" url="features/org.eclipse.platform_3.7.1.r37x_v20110729-9gF7UHOxFtniV7mI3T556iZN9AU8bEZ1lHMcVK/" version="3.7.1.r37x_v20110729-9gF7UHOxFtniV7mI3T556iZN9AU8bEZ1lHMcVK">
		</feature>
		<feature id="org.eclipse.epp.usagedata.feature" url="features/org.eclipse.epp.usagedata.feature_1.4.0.R201106061540/" version="1.4.0.R201106061540">
		</feature>
		<feature id="org.eclipse.wb.core.ui.feature" plugin-identifier="org.eclipse.wb.core.ui" url="features/org.eclipse.wb.core.ui.feature_1.1.0.r37x201109091028/" version="1.1.0.r37x201109091028">
		</feature>
		<feature id="org.eclipse.egit.mylyn" plugin-identifier="org.eclipse.egit" url="features/org.eclipse.egit.mylyn_1.1.0.201109151100-r/" version="1.1.0.201109151100-r">
		</feature>
		<feature id="org.eclipse.jgit" url="features/org.eclipse.jgit_1.1.0.201109151100-r/" version="1.1.0.201109151100-r">
		</feature>
		<feature id="org.eclipse.epp.package.java.feature" plugin-identifier="org.eclipse.epp.package.java" url="features/org.eclipse.epp.package.java.feature_1.4.1.20110909-1818/" version="1.4.1.20110909-1818">
		</feature>
		<feature id="org.eclipse.jdt" url="features/org.eclipse.jdt_3.7.1.r371_v20110810-0800-7z8gFcoFMLfTabvKsR5Qm9rBGEBK/" version="3.7.1.r371_v20110810-0800-7z8gFcoFMLfTabvKsR5Qm9rBGEBK">
		</feature>
		<feature id="org.eclipse.epp.mpc" plugin-identifier="org.eclipse.epp.mpc.ui" url="features/org.eclipse.epp.mpc_1.1.1.I20110907-0947/" version="1.1.1.I20110907-0947">
		</feature>
		<feature id="org.eclipse.mylyn.team_feature" plugin-identifier="org.eclipse.mylyn" url="features/org.eclipse.mylyn.team_feature_3.6.2.v20110908-0706/" version="3.6.2.v20110908-0706">
		</feature>
		<feature id="org.eclipse.m2e.feature" plugin-identifier="org.eclipse.m2e.core" url="features/org.eclipse.m2e.feature_1.0.100.20110804-1717/" version="1.0.100.20110804-1717">
		</feature>
		<feature id="org.eclipse.mylyn.java_feature" plugin-identifier="org.eclipse.mylyn" url="features/org.eclipse.mylyn.java_feature_3.6.2.v20110908-0706/" version="3.6.2.v20110908-0706">
		</feature>
		<feature id="org.eclipse.wb.swing.feature" plugin-identifier="org.eclipse.wb.swing" url="features/org.eclipse.wb.swing.feature_1.1.0.r37x201109091143/" version="1.1.0.r37x201109091143">
		</feature>
	</site>
</config>
