<?xml version="1.0" encoding="UTF-8"?>
<feature
      id="org.eclipse.jdt"
      label="%featureName"
      version="3.7.1.r371_v20110810-0800-7z8gFcoFMLfTabvKsR5Qm9rBGEBK"
      provider-name="%providerName"
      image="eclipse_update_120.jpg"
      
      >

   <description>
      %description
   </description>

   <copyright>
      %copyright
   </copyright>

   <license url="%licenseURL">
      %license
   </license>

   <url>
      <update label="%updateSiteName" url="http://download.eclipse.org/eclipse/updates/3.5"/>
      <discovery label="%updateSiteName" url="http://download.eclipse.org/eclipse/updates/3.5"/>
   </url>

   <requires>
      <import feature="org.eclipse.platform" version="3.7.1" match="greaterOrEqual"/>
   </requires>

   <plugin
         id="org.eclipse.jdt"
         download-size="0"
         install-size="0"
         version="3.7.1.v201109091335"
         unpack="false"/>

   <plugin
         id="org.eclipse.ant.ui"
         download-size="0"
         install-size="0"
         version="3.5.100.v20110510"
         unpack="false"/>

   <plugin
         id="org.eclipse.jdt.apt.core"
         download-size="0"
         install-size="0"
         version="3.3.500.v20110420-1015"
         unpack="false"/>

   <plugin
         id="org.eclipse.jdt.apt.ui"
         download-size="0"
         install-size="0"
         version="3.3.300.v20110305-1450"
         unpack="false"/>

   <plugin
         id="org.eclipse.jdt.apt.pluggable.core"
         download-size="0"
         install-size="0"
         version="1.0.400.v20110305-1450"
         unpack="false"/>

   <plugin
         id="org.eclipse.jdt.compiler.apt"
         download-size="0"
         install-size="0"
         version="1.0.400.v0110816-0800"
         fragment="true"
         unpack="false"/>

   <plugin
         id="org.eclipse.jdt.compiler.tool"
         download-size="0"
         install-size="0"
         version="1.0.100.v_B76_R37x"
         fragment="true"
         unpack="false"/>

   <plugin
         id="org.eclipse.jdt.core"
         download-size="0"
         install-size="0"
         version="3.7.1.v_B76_R37x"
         unpack="false"/>

   <plugin
         id="org.eclipse.jdt.core.manipulation"
         download-size="0"
         install-size="0"
         version="1.4.0.v20110505-0800"
         unpack="false"/>

   <plugin
         id="org.eclipse.jdt.debug.ui"
         download-size="0"
         install-size="0"
         version="3.6.1.v20110803_r371"
         unpack="false"/>

   <plugin
         id="org.eclipse.jdt.debug"
         download-size="0"
         install-size="0"
         version="3.7.1.v20110802_r371"/>

   <plugin
         id="org.eclipse.jdt.junit"
         download-size="0"
         install-size="0"
         version="3.7.0.v20110505-0800"
         unpack="false"/>

   <plugin
         id="org.eclipse.jdt.junit.core"
         download-size="0"
         install-size="0"
         version="3.7.0.v20110518-0800"
         unpack="false"/>

   <plugin
         id="org.eclipse.jdt.junit.runtime"
         download-size="0"
         install-size="0"
         version="3.4.300.v20110505-0800"
         unpack="false"/>

   <plugin
         id="org.eclipse.jdt.junit4.runtime"
         download-size="0"
         install-size="0"
         version="1.1.200.v20110505-0800"
         unpack="false"/>

   <plugin
         id="org.eclipse.jdt.launching"
         download-size="0"
         install-size="0"
         version="3.6.1.v20110803_r371"
         unpack="false"/>

   <plugin
         id="org.eclipse.jdt.ui"
         download-size="0"
         install-size="0"
         version="3.7.1.r371_v20110824-0800"
         unpack="false"/>

   <plugin
         id="org.junit"
         download-size="0"
         install-size="0"
         version="4.8.2.v4_8_2_v20110321-1705"/>

   <plugin
         id="org.junit"
         download-size="0"
         install-size="0"
         version="3.8.2.v3_8_2_v20100427-1100"/>

   <plugin
         id="org.junit4"
         download-size="0"
         install-size="0"
         version="4.8.1.v20100525"/>

   <plugin
         id="org.hamcrest.core"
         download-size="0"
         install-size="0"
         version="1.1.0.v20090501071000"
         unpack="false"/>

   <plugin
         id="org.eclipse.jdt.doc.user"
         download-size="0"
         install-size="0"
         version="3.7.1.r371_v20110804-1125"
         unpack="false"/>

   <plugin
         id="org.eclipse.jdt.launching.macosx"
         os="macosx"
         download-size="0"
         install-size="0"
         version="3.2.100.v20110509"
         unpack="false"/>

   <plugin
         id="org.eclipse.jdt.launching.ui.macosx"
         os="macosx"
         download-size="0"
         install-size="0"
         version="1.0.100.v20110509"
         unpack="false"/>

   <plugin
         id="org.eclipse.ant.launching"
         download-size="0"
         install-size="0"
         version="1.0.100.v20110506"
         unpack="false"/>

</feature>
