<?xml version="1.0" encoding="UTF-8"?>
<feature
      id="org.eclipse.egit.psf"
      label="%featureName"
      version="1.1.0.201109151100-r"
      provider-name="%providerName">

   <description>
      %description
   </description>

   <copyright>
      %copyright
   </copyright>

   <license url="%licenseURL">
      %license
   </license>

   <url>
      <update label="%updateSiteName" url="http://download.eclipse.org/egit/updates"/>
   </url>

   <requires>
      <import plugin="org.eclipse.core.runtime.compatibility" version="3.2.0" match="greaterOrEqual"/>
      <import plugin="org.eclipse.egit.core" version="1.1.0" match="equivalent"/>
   </requires>

</feature>
