<?xml version="1.0" encoding="UTF-8"?>
<feature
      id="org.eclipse.jgit"
      label="%featureName"
      version="1.1.0.201109151100-r"
      provider-name="%providerName">

   <description url="http://www.eclipse.org/jgit/">
     %description
   </description>

   <copyright>
     %copyright
   </copyright>

   <license url="%licenseURL">
     %license
   </license>

   <url>
      <update label="%updateSiteName" url="http://download.eclipse.org/egit/updates"/>
      <discovery label="%updateSiteName" url="http://download.eclipse.org/egit/updates"/>
   </url>

   <requires>
      <import plugin="com.jcraft.jsch"/>
   </requires>

   <plugin
         id="org.eclipse.jgit"
         download-size="1346"
         install-size="2607"
         version="1.1.0.201109151100-r"
         unpack="false"/>
</feature>
