<?xml version="1.0" encoding="UTF-8"?>
<!-- contextQualifierLength=13 -->
<feature
      id="org.eclipse.epp.package.java.feature"
      label="EPP Java Package"
      version="1.4.1.20110909-1818"
      provider-name="Eclipse Packaging Project"
      plugin="org.eclipse.epp.package.java">

   <description>
      The essential tools for any Java developer, including a Java IDE, a CVS client, XML Editor and Mylyn.
   </description>

   <license url="license.html">
      %license
   </license>

   <url>
      <discovery label="Indigo" url="http://download.eclipse.org/releases/indigo/"/>
      <discovery label="Eclipse Platform 3.7" url="http://download.eclipse.org/eclipse/updates/3.7"/>
      <discovery label="Mylyn for Eclipse Indigo" url="http://download.eclipse.org/mylyn/releases/indigo/"/>
   </url>

   <includes
         id="org.eclipse.platform"
         version="3.7.1.r37x_v20110729-9gF7UHOxFtniV7mI3T556iZN9AU8bEZ1lHMcVK"
         search-location="both"/>

   <requires>
      <import feature="org.eclipse.cvs"/>
      <import feature="org.eclipse.equinox.p2.user.ui"/>
      <import feature="org.eclipse.help"/>
      <import feature="org.eclipse.jdt" version="3.7.0" match="greaterOrEqual"/>
      <import feature="org.eclipse.platform" version="3.7.0" match="greaterOrEqual"/>
      <import feature="org.eclipse.rcp" version="3.7.0" match="greaterOrEqual"/>
      <import feature="org.eclipse.wst.xml_ui.feature"/>
      <import feature="org.eclipse.mylyn.ide_feature"/>
      <import feature="org.eclipse.mylyn.java_feature"/>
      <import feature="org.eclipse.mylyn.bugzilla_feature"/>
      <import feature="org.eclipse.mylyn.context_feature"/>
      <import feature="org.eclipse.mylyn_feature"/>
      <import feature="org.eclipse.mylyn.wikitext_feature"/>
      <import feature="org.eclipse.egit"/>
      <import feature="org.eclipse.egit.mylyn"/>
      <import feature="org.eclipse.m2e.feature"/>
      <import feature="org.eclipse.m2e.logback.feature"/>
      <import feature="org.eclipse.wb.core.feature"/>
      <import feature="org.eclipse.wb.core.ui.feature"/>
      <import feature="org.eclipse.wb.layout.group.feature"/>
      <import feature="org.eclipse.wb.swing.feature"/>
      <import feature="org.eclipse.epp.package.common.feature"/>
   </requires>

   <plugin
         id="org.eclipse.epp.package.java"
         download-size="0"
         install-size="0"
         version="1.4.1.20110909-0613"/>

</feature>
