<?xml version="1.0" encoding="UTF-8"?>
<feature
      id="org.eclipse.wb.swing.feature"
      label="%featureName"
      version="1.1.0.r37x201109091143"
      provider-name="%providerName"
      plugin="org.eclipse.wb.swing"
      image="eclipse_update_120.jpg">

   <description>
      %description
   </description>

   <copyright>
      %copyright
   </copyright>

   <license url="%licenseURL">
      %license
   </license>

   <requires>
      <import feature="org.eclipse.wb.core.feature" version="1.1.0.r37x201109091012" match="greaterOrEqual"/>
      <import feature="org.eclipse.wb.core.ui.feature" version="1.1.0.r37x201109091028" match="greaterOrEqual"/>
      <import feature="org.eclipse.wb.layout.group.feature" version="1.1.0.r37x201109091112" match="greaterOrEqual"/>
   </requires>

   <plugin
         id="org.eclipse.wb.swing"
         download-size="0"
         install-size="0"
         version="1.1.0.r37x201109091143"
         unpack="false"/>

   <plugin
         id="org.eclipse.wb.swing.FormLayout.lib"
         download-size="0"
         install-size="0"
         version="1.1.0.r37x201109091143"/>

   <plugin
         id="org.eclipse.wb.swing.FormLayout"
         download-size="0"
         install-size="0"
         version="1.1.0.r37x201109091143"
         unpack="false"/>

   <plugin
         id="org.eclipse.wb.swing.MigLayout.lib"
         download-size="0"
         install-size="0"
         version="1.1.0.r37x201109091143"
         unpack="false"/>

   <plugin
         id="org.eclipse.wb.swing.MigLayout"
         download-size="0"
         install-size="0"
         version="1.1.0.r37x201109091143"
         unpack="false"/>

   <plugin
         id="org.eclipse.wb.swing.databinding"
         download-size="0"
         install-size="0"
         version="1.1.0.r37x201109091143"
         unpack="false"/>

   <plugin
         id="org.eclipse.wb.swing.jsr296"
         download-size="0"
         install-size="0"
         version="1.1.0.r37x201109091143"
         unpack="false"/>
	
   <plugin
         id="org.eclipse.wb.swing.java6"
         download-size="0"
         install-size="0"
         version="1.1.0.r37x201109091143"
         unpack="false"/>

</feature>
