<?xml version="1.0" encoding="UTF-8"?>
<feature
      id="org.eclipse.wst.xml_ui.feature"
      label="%featureName"
      version="3.3.1.v201108102009-7H7EFZ3DxumTlaI6nheRdHo2p1KaDIL1Uz-S3PL"
      provider-name="%providerName"
      plugin="org.eclipse.wst.xml.ui"
      
      >

   <description>
      %description
   </description>

   <copyright>
      %copyright
   </copyright>

   <license url="%licenseURL">
      %license
   </license>

   <url>
      <update label="%updateSiteName" url="http://download.eclipse.org/webtools/repository/indigo"/>
   </url>

   <includes
         id="org.eclipse.wst.common_ui.feature"
         version="3.3.1.v201107190400-7C79FULEdhO_pfuh6nYekfK0TyR2OK"/>

   <includes
         id="org.eclipse.wst.xml_userdoc.feature"
         version="3.3.0.v201102071641-50FYwAkF7B77UBZFDBL"/>

   <includes
         id="org.eclipse.wst.xml_core.feature"
         version="3.3.1.v201108102009-7C7OFeKF7RZHQNI3R-OuRb"/>

   <plugin
         id="org.eclipse.wst.dtd.ui"
         download-size="0"
         install-size="0"
         version="1.0.600.v201103171359"
         unpack="false"/>

   <plugin
         id="org.eclipse.wst.dtd.ui.infopop"
         download-size="0"
         install-size="0"
         version="1.0.400.v201008112018"
         unpack="false"/>

   <plugin
         id="org.eclipse.wst.sse.ui.infopop"
         download-size="0"
         install-size="0"
         version="1.0.300.v201004150328"
         unpack="false"/>

   <plugin
         id="org.eclipse.wst.xml.ui.infopop"
         download-size="0"
         install-size="0"
         version="1.0.400.v201004292007"
         unpack="false"/>

   <plugin
         id="org.eclipse.wst.sse.ui"
         download-size="0"
         install-size="0"
         version="1.3.1.v201108191312"
         unpack="false"/>

   <plugin
         id="org.eclipse.wst.xml.ui"
         download-size="0"
         install-size="0"
         version="1.1.201.v201108151912"
         unpack="false"/>

   <plugin
         id="org.eclipse.wst.xsd.ui"
         download-size="0"
         install-size="0"
         version="1.2.404.v201105050216"
         unpack="false"/>

</feature>
